,response,essentiality,response_me,essentiality_me
BSU07840,-2.9606060061953983e-06,0.0,-9.3694368968425e-06,0.0
BSU16730,-1.6845470178651136e-10,0.0,0.0,0.0
BSU16740,-1.6845470178651136e-10,0.0,0.0,0.0
BSU30820,-1.0,e,e,e
BSU06310,-3.015210791159218e-10,0,0.0,0.0
BSU03040,-2.3118499904190636e-10,0,0.0,0.0
BSU38560,0.0,0,0.0,0.0
BSU40110,0.0,0,0.0,0.0
BSU03900,6.264465396683538e-11,0,0.0,0.0
BSU39860,0.0,0,0.0,0.0
BSU38830,0.0,0,0.0,0.0
BSU19310,0.0,0,0.0,0.0
BSU32830,-0.0009092498653858589,0,-0.0007964021362316125,0.0
BSU24170,-0.00082955738714317,0,-0.000730816077953715,0.0
BSU22440,-1.0,e,-9.3694368968425e-06,0.0
BSU24350,-1.0,e,0.0,0.0
BSU29210,-1.0,e,0.0,0.0
BSU24340,-1.0,e,0.0,0.0
BSU29200,-1.0,e,0.0,0.0
BSU13900,-0.01336478034198814,-,-0.013660638995596365,-
BSU07700,-1.021307980261297e-10,0,0.0,0
BSU13910,-0.01336478034198814,-,-0.013660638995596365,-
BSU11210,-1.0,e,e,e
BSU11200,-1.0,e,e,e
BSU28300,0.0,0,-1.8738873793685e-05,0
BSU36010,0.0,0,0.0,0
BSU28310,0.0,0,-1.8738873793685e-05,0
BSU29470,-0.0015819159855061501,0,-0.0014335238452169025,0
BSU36000,-9.532122761147827e-05,0,-0.000243605359317905,0
BSU18260,0.0,0,0.0,0
BSU32820,0.0,0,-9.3694368968425e-06,0
BSU37170,0.0,0,0.0,0
BSU24150,0.0,0,0.0,0
BSU04520,0.0,0,0.0,0
BSU15350,-5.097167372735683e-10,0,0.0,0
BSU18000,-0.15208314442876789,-,-0.1539866953996065,-
BSU11220,-1.0,e,e,e
BSU04620,-2.7521082560425924e-10,0,0.0,0
BSU19230,-5.80128225792593e-10,0,0.0,0
BSU29680,-1.302820293161841e-10,0,0.0,0
BSU08090,0.0,0,e,e
BSU29690,0.0,0,e,e
BSU29710,0.0,0,e,e
BSU29700,0.0,0,e,e
BSU08060,0.0,0,-0.000243605359317905,0
BSU08080,0.0,0,e,e
BSU08070,0.0,0,-0.000243605359317905,0
BSU30420,-1.5418838865418317e-10,0,0.0,0
BSU00760,-1.0,e,e,e
BSU00750,-1.0,e,e,e
BSU30430,-1.5418838865418317e-10,0,0.0,0
BSU30440,-1.5418838865418317e-10,0,0.0,0
BSU00740,-1.0,e,e,e
BSU14520,-3.821999979860684e-10,0,0.0,0
BSU00140,-2.1507782577306617e-10,0,0.0,0
BSU30410,-1.5418838865418317e-10,0,0.0,0
BSU30450,-1.5418838865418317e-10,0,0.0,0
BSU01370,-1.0,e,e,e
BSU29010,-3.4500622359830225e-10,0,-9.3694368968425e-06,0
BSU38710,-2.8625033961309644e-10,0,0.0,0
BSU14190,-1.0,e,e,e
BSU23610,-5.121403952830532e-10,0,0.0,0
BSU27610,-3.0459494379555636e-10,0,0.0,0
BSU15600,-3.375380817791526e-12,0,0.0,0
BSU06440,-1.0,e,e,e
BSU40420,-1.0,e,e,e
BSU35010,-3.1834069160937323e-10,0,0.0,0
BSU37490,-3.506399755843338e-10,0,0.0,0
BSU09540,-1.0,e,e,e
BSU11190,-1.0,e,e,e
BSU27270,-2.167311647530342e-10,0,0.0,0
BSU08790,-1.1620911943439436e-10,0,0.0,0
BSU00730,-3.45635019446312e-10,0,0.0,0
BSU06520,-0.999999999999756,e,e,e
BSU06420,-0.9999999833092441,e,0.0,0
BSU06430,-0.9999999833092441,e,0.0,0
BSU19360,-0.06135332804854622,-,-0.06353415159748899,-
BSU19370,-0.06135332804854622,-,-0.06353415159748899,-
BSU14610,-0.09963849506874509,-,-0.06356225990817951,-
BSU18540,0.0,0,0.0,0
BSU07570,0.0,0,0.0,0
BSU09410,0.0,0,0.0,0
BSU05740,0.0,0,0.0,0
BSU04560,-1.0,e,e,e
BSU31930,0.0,0,0.0,0
BSU04640,-1.0,e,e,e
BSU31400,-1.0,e,e,e
BSU18120,0.0,0,0.0,0
BSU02420,0.0,0,0.0,0
BSU27810,0.0,0,0.0,0
BSU39780,0.0,0,0.0,0
BSU09530,0.0,0,0.0,0
BSU27010,0.0,0,0.0,0
BSU26970,0.0,0,0.0,0
BSU32410,-3.4396038728608395e-10,0,0.0,0
BSU12390,-1.435703855009903e-10,0,0.0,0
BSU35620,-4.020005380740416e-10,0,0.0,0
BSU25710,-4.020005380740416e-10,0,0.0,0
BSU25900,-4.020005380740416e-10,0,0.0,0
BSU17410,-4.020005380740416e-10,0,0.0,0
BSU01530,-4.020005380740416e-10,0,0.0,0
BSU30230,-1.0721022147412164e-10,0,0.0,0
BSU22750,-1.0,e,e,e
BSU22670,-1.0,e,e,e
BSU22680,-1.0,e,0.0,0
BSU25790,0.0,0,0.0,0
BSU30220,-2.717547424568635e-10,0,0.0,0
BSU14180,-1.0,e,e,e
BSU23280,-2.419128797109161e-10,0,e,e
BSU15570,-1.0,e,e,e
BSU14000,-1.0,e,e,e
BSU33400,0.0,0,0.0,0
BSU29050,0.0,0,0.0,0
BSU28800,-4.9467939926044384e-11,0,0.0,0
BSU39270,-5.851671804339029e-11,0,0.0,0
BSU28730,0.0,0,0.0,0
BSU28740,0.0,0,0.0,0
BSU28750,0.0,0,0.0,0
BSU33960,-2.1320684931530247e-10,0,0.0,0
BSU23970,-2.152557002954592e-10,0,0.0,0
BSU14630,0.0,0,0.0,0
BSU40320,3.6386633449843823e-13,0,0.0,0
BSU29450,-1.0,e,e,e
BSU23960,-2.152557002954592e-10,0,0.0,0
BSU40330,0.0,0,0.0,0
BSU29440,-1.0,e,e,e
BSU23980,-2.152557002954592e-10,0,0.0,0
BSU37760,0.0,0,0.0,0
BSU33820,0.0,0,0.0,0
BSU33800,0.0,0,0.0,0
BSU02990,0.0,0,0.0,0
BSU33810,0.0,0,0.0,0
BSU33330,-1.4589381262880931e-10,0,0.0,0
BSU33830,0.0,0,0.0,0
BSU02980,0.0,0,0.0,0
BSU30070,-2.8294789676083645e-10,0,0.0,0
BSU36030,0.0,0,0.0,0
BSU03000,0.0,0,0.0,0
BSU05340,0.0,0,0.0,0
BSU16750,-1.0,e,e,e
BSU23580,-7.039407752080099e-11,0,0.0,0
BSU30540,0.0,0,0.0,0
BSU39920,0.0,0,0.0,0
BSU10790,0.0,0,-9.3694368968425e-06,0
BSU22410,-3.5056986102391963e-10,0,0.0,0
BSU15490,-1.0,e,e,e
BSU28470,0.0,0,0.0,0
BSU03790,0.0,0,0.0,0
BSU16760,0.0,0,-9.3694368968425e-06,0
BSU27870,-1.0,e,e,e
BSU23570,-2.830300107929994e-10,0,0.0,0
BSU22370,-1.0,e,e,e
BSU34920,-1.0,e,e,e
BSU36860,-1.0,e,e,e
BSU36840,-1.0,e,e,e
BSU36870,-1.0,e,e,e
BSU36850,-1.0,e,e,e
BSU36820,-1.0,e,e,e
BSU36800,-1.0,e,e,e
BSU36880,-1.0,e,e,e
BSU36830,-1.0,e,e,e
BSU36810,-1.0,e,e,e
BSU31060,-1.5574467308324229e-10,0,0.0,0
BSU39260,-2.4504415362793677e-10,0,0.0,0
BSU19350,0.0,0,0.0,0
BSU18800,0.0,0,0.0,0
BSU02090,0.0,0,0.0,0
BSU06240,-1.1109440342243555e-10,0,0.0,0
BSU30200,-1.0105955106785528e-10,0,0.0,0
BSU24070,-4.16602248205935e-10,0,-1.8738873793685e-05,0
BSU08830,-1.5382958092052e-10,0,0.0,0
BSU08840,-1.5382958092052e-10,0,0.0,0
BSU08850,-1.5382958092052e-10,0,0.0,0
BSU15650,0.0,0,0.0,0
BSU08820,0.0,0,0.0,0
BSU39050,0.0,0,0.0,0
BSU38630,0.0,0,0.0,0
BSU07920,-2.9728199808540402e-06,0,0.0,0
BSU33170,0.0,0,0.0,0
BSU33160,0.0,0,0.0,0
BSU33180,0.0,0,0.0,0
BSU11240,0.0,0,0.0,0
BSU15510,0.0,0,-9.3694368968425e-06,0
BSU11230,0.0,0,0.0,0
BSU15520,0.0,0,-9.3694368968425e-06,0
BSU13850,0.0,0,0.0,0
BSU26650,-1.920649565128284e-10,0,0.0,0
BSU16920,-1.0,e,e,e
BSU02270,-1.0,e,e,e
BSU33490,0.0,0,0.0,0
BSU00460,-1.0,e,e,e
BSU38570,0.0,0,0.0,0
BSU05830,0.0,0,0.0,0
BSU38580,0.0,0,0.0,0
BSU05810,0.0,0,0.0,0
BSU38390,0.0,0,0.0,0
BSU38590,0.0,0,0.0,0
BSU33700,0.0,0,0.0,0
BSU05820,0.0,0,0.0,0
BSU30240,-2.1160997843768146e-10,0,0.0,0
BSU33710,0.0,0,0.0,0
BSU33730,0.0,0,0.0,0
BSU27910,0.0,0,0.0,0
BSU33720,0.0,0,0.0,0
BSU22710,-1.0,e,e,e
BSU07610,-1.9466201865327053e-10,0,0.0,0
BSU31050,-3.889939341915709e-10,0,0.0,0
BSU39060,0.0,0,0.0,0
BSU26860,0.0,0,0.0,0
BSU29750,-1.0,e,e,e
BSU22690,0.0,0,0.0,0
BSU36590,0.0,0,0.0,0
BSU38770,0.0,0,0.0,0
BSU37190,0.0,0,0.0,0
BSU37240,0.0,0,0.0,0
BSU09840,0.0,0,0.0,0
BSU25500,0.0,0,0.0,0
BSU36120,0.0,0,0.0,0
BSU36130,0.0,0,0.0,0
BSU29140,0.0,0,-3.747774758737e-05,0
BSU09440,0.0,0,0.0,0
BSU37150,-1.0,e,e,e
BSU14920,-0.34122513177459696,-,-0.3430150847934039,-
BSU14890,-0.34122513177459696,-,-0.3430150847934039,-
BSU14910,-0.34122513177459696,-,-0.3430150847934039,-
BSU14900,-0.34122513177459696,-,-0.3430150847934039,-
BSU22550,-0.34122513172011454,-,-0.3430150847934039,-
BSU22540,-0.34122513172011454,-,-0.3430150847934039,-
BSU22560,-0.34122513172011454,-,-0.3430150847934039,-
BSU27250,-0.00021136775852031075,0,-9.3694368968425e-05,0
BSU11880,6.393836171998098e-12,0,0.0,0
BSU27260,-0.00021136764463332438,0,-9.3694368968425e-05,0
BSU30720,0.0,0,e,e
BSU38750,0.0,0,0.0,0
BSU30710,0.0,0,e,e
BSU38760,0.0,0,0.0,0
BSU38160,0.0,0,0.0,0
BSU38150,0.0,0,0.0,0
BSU38170,0.0,0,0.0,0
BSU38140,0.0,0,0.0,0
BSU25300,-2.892013861701263e-10,0,0.0,0
BSU27330,-4.940520069977031e-07,0,0.0,0
BSU39410,0.0,0,0.0,0
BSU39020,0.0,0,0.0,0
BSU32180,0.0,0,0.0,0
BSU22890,-0.0019944055372108156,0,-0.00397264124426122,0
BSU20250,-2.960762623065379e-06,0,-9.3694368968425e-06,0
BSU33500,0.0,0,0.0,0
BSU03950,0.0,0,0.0,0
BSU02460,0.0,0,0.0,0
BSU12920,-3.838885118881234e-10,0,0.0,0
BSU25310,0.0,0,0.0,0
BSU11670,-1.6863634084906086e-10,0,-0.002005059495924295,0
BSU23380,-1.0,e,e,e
BSU32170,-1.0,e,e,e
BSU23260,0.0,0,e,e
BSU30210,-3.118888579905896e-10,0,0.0,0
BSU25580,-2.490462127399e-10,0,0.0,0
BSU22090,1.2721487022370324e-10,0,0.0,0
BSU22110,-1.1680144629963834e-10,0,0.0,0
BSU15680,-1.0,e,e,e
BSU00150,-9.729446512423971e-05,0,-0.000243605359317905,0
BSU21870,-1.0,e,e,e
BSU32000,-4.041023279001487e-10,0,0.0,0
BSU16770,-1.0,e,e,e
BSU31980,-3.366308276014442e-10,0,0.0,0
BSU22490,-1.0,e,e,e
BSU21810,-1.0,e,e,e
BSU38490,-1.0,e,e,e
BSU00780,-1.0,e,e,e
BSU28080,-1.0,e,e,e
BSU15540,-0.9999999990083207,e,e,e
BSU15500,-1.0,e,e,e
BSU00770,-1.0,e,e,e
BSU23080,-1.0,e,e,e
BSU22700,-1.0,e,e,e
BSU15530,-0.9999999990083207,e,e,e
BSU12950,-5.364363845272465e-10,0,0.0,0
BSU12930,-5.364363845272465e-10,0,0.0,0
BSU12960,-5.364363845272465e-10,0,0.0,0
BSU12940,-5.364363845272465e-10,0,0.0,0
BSU13590,-2.831604756377969e-10,0,0.0,0
BSU24280,-1.0,e,e,e
BSU25160,-1.0,e,e,e
BSU22130,-2.747980202477268e-10,0,0.0,0
BSU22140,0.0,0,0.0,0
BSU29060,-2.7086984023633416e-10,0,0.0,0
BSU13620,-6.610556043130663e-11,0,0.0,0
BSU35950,-4.816199741739027e-10,0,0.0,0
BSU15110,-5.02340944330132e-10,0,0.0,0
BSU35930,-4.816199741739027e-10,0,0.0,0
BSU35940,-4.816199741739027e-10,0,0.0,0
BSU35960,-4.816199741739027e-10,0,0.0,0
BSU35920,-5.081224545173048e-10,0,0.0,0
BSU39420,-9.532131913627262e-05,0,-0.000243605359317905,0
BSU00280,-1.0,e,e,e
BSU37060,-3.2361481236858237e-10,0,0.0,0
BSU39400,-2.9602335327103995e-06,0,-9.3694368968425e-06,0
BSU20020,0.0,0,0.0,0
BSU17660,0.0,0,0.0,0
BSU16550,-1.0,e,e,e
BSU24270,-1.0,e,e,e
BSU18220,0.0,0,0.0,0
BSU28540,0.0,0,-9.3694368968425e-06,0
BSU22100,-4.4537098172352975e-11,0,0.0,0
BSU33900,-0.11002793260405525,-,e,e
BSU39450,-2.5861037993304215e-10,0,0.0,0
BSU14390,-3.816540220215009e-10,0,0.0,0
BSU28560,0.0,0,0.0,0
BSU10360,0.0,0,0.0,0
BSU18250,0.0,0,0.0,0
BSU10270,0.0,0,0.0,0
BSU37120,0.0,0,-0.0002904525438021175,0
BSU39670,-5.747796377234137e-10,0,0.0,0
BSU40190,-3.45252565694791e-10,0,0.0,0
BSU10130,-3.1834069160937323e-10,0,0.0,0
BSU27220,0.0,0,0.0,0
BSU12160,0.0,0,0.0,0
BSU18570,0.0,0,0.0,0
BSU36710,0.0,0,0.0,0
BSU08860,-2.0661255137997255e-10,0,0.0,0
BSU01630,0.0,0,0.0,0
BSU01610,0.0,0,0.0,0
BSU01620,0.0,0,0.0,0
BSU38270,-6.398963129118227e-06,0,0.0,0
BSU38260,-6.398963129118227e-06,0,0.0,0
BSU38280,-6.398963129118227e-06,0,0.0,0
BSU08450,-4.113178926031754e-10,0,0.0,0
BSU08440,-4.113178926031754e-10,0,0.0,0
BSU08460,-4.113178926031754e-10,0,0.0,0
BSU33290,0.0,0,0.0,0
BSU03810,0.0,0,0.0,0
BSU03820,0.0,0,0.0,0
BSU33300,0.0,0,0.0,0
BSU03830,0.0,0,0.0,0
BSU07500,0.0,0,0.0,0
BSU07520,0.0,0,0.0,0
BSU03800,0.0,0,0.0,0
BSU07490,0.0,0,0.0,0
BSU33310,0.0,0,0.0,0
BSU33320,0.0,0,e,e
BSU38040,-1.9275316151018237e-10,0,0.0,0
BSU39380,-4.13324274864692e-10,0,0.0,0
BSU07830,0.0,0,0.0,0
BSU03860,0.0,0,0.0,0
BSU15730,-5.613110541786166e-10,0,e,e
BSU16670,-4.321394465667102e-10,0,e,e
BSU39610,0.0,0,0.0,0
BSU38110,-2.0409701506229387e-10,0,0.0,0
BSU07510,0.0,0,0.0,0
BSU27200,2.68192899259447e-11,0,0.0,0
BSU15720,-5.667691668379731e-11,0,e,e
BSU06170,0.0,0,0.0,0
BSU27040,0.0,0,0.0,0
BSU14400,0.0,0,0.0,0
BSU27060,0.0,0,0.0,0
BSU27050,0.0,0,0.0,0
BSU05860,0.0,0,0.0,0
BSU13110,-4.1960159191678514e-05,0,0.0,0
BSU27070,0.0,0,0.0,0
BSU04470,0.0,0,0.0,0
BSU00500,-1.0,e,e,e
BSU33040,-0.13552338762256164,-,-0.13940785158811955,-
BSU34550,-1.2365526222200466e-10,0,0.0,0
BSU28120,0.0,0,0.0,0
BSU08710,0.0,0,0.0,0
BSU03930,-3.8807115128571715e-11,0,0.0,0
BSU35740,-1.0,e,e,e
BSU22830,-1.0,e,e,e
BSU09300,0.0,0,0.0,0
BSU13130,-5.235331878571987e-10,0,-9.3694368968425e-06,0
BSU35020,0.0,0,0.0,0
BSU02360,0.0,0,0.0,0
BSU23850,-1.9037585440137395e-10,0,0.0,0
BSU31350,-0.01313449509840794,-,-0.013473250257659514,-
BSU02510,-3.892972149579262e-10,0,0.0,0
BSU02480,-4.895911526714601e-10,0,0.0,0
BSU38200,-7.754470390612869e-11,0,0.0,0
BSU30300,-2.4178370892679737e-10,0,0.0,0
BSU38190,-1.1343124172456196e-10,0,0.0,0
BSU35670,-1.0,e,e,e
BSU12360,-1.1250210615719413e-10,0,0.0,0
BSU02350,-1.4916625680169745e-10,0,0.0,0
BSU33940,-0.44636329977189554,-,-0.4571160873231519,-
BSU29020,-5.56485854833066e-10,0,-9.3694368968425e-05,0
BSU06510,-0.0006752543731877106,0,-0.0003466691651831725,0
BSU02230,6.720527672451433e-12,0,-0.0005153190293263375,0
BSU30980,-8.177898808899397e-11,0,0.0,0
BSU01780,-1.0,e,e,e
BSU18410,0.0,0,0.0,0
BSU36900,-0.9999999986152125,e,e,e
BSU40070,0.0,0,0.0,0
BSU19520,0.0,0,0.0,0
BSU30940,-2.672589403750037e-10,0,0.0,0
BSU02490,-7.575937073692459e-11,0,0.0,0
BSU30950,-1.2028846926144506e-10,0,0.0,0
BSU13890,-0.013364780689870355,-,-0.013660638995596365,-
BSU10520,-5.392360259848585e-10,0,0.0,0
BSU30960,0.0,0,0.0,0
BSU30970,0.0,0,0.0,0
BSU17460,-1.0,e,e,e
BSU03590,0.0,0,e,e
BSU27450,0.0,0,0.0,0
BSU27430,0.0,0,0.0,0
BSU27460,0.0,0,0.0,0
BSU27440,0.0,0,0.0,0
BSU03600,0.0,0,e,e
BSU03610,0.0,0,e,e
BSU12330,-2.9873237835313956e-10,0,0.0,0
BSU18470,0.0,0,0.0,0
BSU13120,0.0,0,-9.3694368968425e-06,0
BSU22960,0.0,0,0.0,0
BSU37790,0.0,0,0.0,0
BSU02430,0.0,0,0.0,0
BSU06490,-0.9999999999998741,e,e,e
BSU14830,0.0,0,0.0,0
BSU28390,0.0,0,0.0,0
BSU26810,0.0,0,0.0,0
BSU18450,0.0,0,0.0,0
BSU00920,-4.0521874934030065e-10,0,e,e
BSU10220,0.0,0,0.0,0
BSU18440,0.0,0,0.0,0
BSU09130,0.0,0,0.0,0
BSU28170,-4.427353330464838e-10,0,e,e
BSU04340,-3.40755840241816e-07,0,0.0,0
BSU02140,1.1669650974277685e-10,0,0.0,0
BSU02340,0.0,0,0.0,0
BSU17000,-5.412855828162946e-11,0,0.0,0
BSU40040,-3.408833841563777e-07,0,0.0,0
BSU03060,0.0,0,0.0,0
BSU28680,-5.105394272093319e-06,0,-9.3694368968425e-06,0
BSU09290,3.791833072600602e-12,0,0.0,0
BSU32130,0.0,0,0.0,0
BSU34190,0.0,0,0.0,0
BSU40060,-2.0380279272069007e-10,0,0.0,0
BSU09280,-5.360133443271636e-10,0,0.0,0
BSU22780,-1.0,e,e,e
BSU27600,5.3476351699521686e-11,0,0.0,0
BSU06360,-1.0,e,e,e
BSU02130,-5.346172881385141e-10,0,0.0,0
BSU13170,0.0,0,0.0,0
BSU21900,-1.8688894908144712e-10,0,0.0,0
BSU00680,-9.729472996234547e-05,0,-0.000243605359317905,0
BSU06370,0.0,0,0.0,0
BSU29990,0.0,0,0.0,0
BSU12300,-2.2041523786365595e-10,0,0.0,0
BSU32840,-0.0009092503495367804,0,-0.0007964021362316125,0
BSU24160,0.0,0,0.0,0
BSU14870,-3.7793606804947095e-10,0,0.0,0
BSU14880,0.0,0,0.0,0
BSU12080,0.0,0,0.0,0
BSU38300,-4.717073517325277e-10,0,0.0,0
BSU24850,-4.5384319698753683e-10,0,0.0,0
BSU22740,-1.0,e,e,e
BSU22760,-1.0,e,e,e
BSU33510,-2.152557002954592e-10,0,0.0,0
BSU07990,0.0,0,0.0,0
BSU39350,-2.457551811499893e-10,0,0.0,0
BSU34910,-1.0,e,e,e
BSU29620,-1.0,e,e,e
BSU39390,0.0,0,0.0,0
BSU02400,0.0,0,0.0,0
BSU13600,-3.8004068128069535e-10,0,0.0,0
BSU28150,-2.155410994960713e-11,0,0.0,0
BSU18230,0.0,0,0.0,0
BSU17150,-4.701807130572008e-10,0,0.0,0
BSU38020,0.0,0,0.0,0
BSU11710,0.0,0,0.0,0
BSU13960,-3.4074897595576627e-07,0,0.0,0
BSU37780,0.0,0,0.0,0
BSU00790,-1.0,e,e,e
BSU32260,-1.0,e,e,e
BSU32240,-1.0,e,e,e
BSU21910,-1.0,e,e,e
BSU22620,0.0,0,-9.3694368968425e-06,0
BSU34890,0.0,0,0.0,0
BSU29130,-0.15208314528659883,-,-0.15399606483650333,-
BSU30830,0.0,0,0.0,0
BSU31990,0.0,0,0.0,0
BSU31970,-9.360764382813039e-11,0,0.0,0
BSU34870,-1.0,e,e,e
BSU34900,-1.0,e,e,e
BSU35780,-5.143721793864382e-10,0,0.0,0
BSU22660,-1.0,e,e,e
BSU24080,-0.02419197736941537,-,e,e
BSU02390,0.0,0,0.0,0
BSU38550,0.0,0,-1.8738873793685e-05,0
BSU26700,0.0,0,e,e
BSU26710,0.0,0,e,e
BSU26690,0.0,0,0.0,0
BSU29600,0.0,0,0.0,0
BSU39700,-1.4017394678669856e-10,0,0.0,0
BSU39720,-5.747796377234137e-10,0,0.0,0
BSU39750,-5.747796377234137e-10,0,0.0,0
BSU39740,-5.747796377234137e-10,0,0.0,0
BSU39710,0.0,0,0.0,0
BSU06230,0.0,0,0.0,0
BSU16530,-1.5565585346392565e-10,0,0.0,0
BSU28270,-0.9999999997377986,e,e,e
BSU00090,-3.7192033287943796e-10,0,-9.3694368968425e-06,0
BSU22870,-2.149106566617431e-10,0,0.0,0
BSU39730,-5.747796377234137e-10,0,0.0,0
BSU28260,-1.0,e,e,e
BSU39370,-4.744026448426777e-11,0,0.0,0
BSU04030,0.0,0,-9.3694368968425e-06,0
BSU10170,0.0,0,0.0,0
BSU11720,0.0,0,-9.3694368968425e-06,0
BSU15900,0.0,0,e,e
BSU36370,0.0,0,0.0,0
BSU28250,-1.0,e,e,e
BSU15910,0.0,0,e,e
BSU28280,-1.0,e,e,e
BSU31100,0.0,0,0.0,0
BSU26640,0.0,0,0.0,0
BSU28290,-1.0,e,e,e
BSU14510,0.0,0,e,e
BSU13500,0.0,0,e,e
BSU31090,0.0,0,0.0,0
BSU11340,0.0,0,e,e
BSU11330,0.0,0,0.0,0
BSU08650,0.0,0,0.0,0
BSU31630,0.0,0,0.0,0
BSU31620,0.0,0,0.0,0
BSU31600,0.0,0,0.0,0
BSU31660,0.0,0,0.0,0
BSU31610,0.0,0,0.0,0
BSU31650,0.0,0,0.0,0
BSU31322,-0.000654611678330754,0,0.0,0
BSU28720,0.0,0,0.0,0
BSU28510,-3.5397935798687916e-10,0,0.0,0
BSU37710,-2.682383090250844e-10,0,0.0,0
BSU34130,-1.0337203750084454e-10,0,0.0,0
BSU06990,-5.332189967541467e-10,0,0.0,0
BSU06970,-5.332189967541467e-10,0,0.0,0
BSU06980,-5.332189967541467e-10,0,0.0,0
BSU03050,-7.015961725418108e-11,0,0.0,0
BSU38520,-1.0,e,e,e
BSU38510,-1.0,e,e,e
BSU38500,-1.0,e,e,e
BSU38530,-1.0,e,e,e
BSU19690,2.0827577227785128e-10,0,0.0,0
BSU00270,-1.3007027393238288e-10,0,0.0,0
BG12900,-1.0,e,e,e
BSU10870,-1.6413300968688815e-10,0,0.0,0
BSU03990,-2.6902392149898693e-10,0,0.0,0
BSU08180,-2.069073619309758e-10,0,0.0,0
BSU34560,-1.477289083132067e-10,0,0.0,0
BSU34160,0.0,0,e,e
BSU30280,0.0,0,e,e
BSU34610,0.0,0,0.0,0
BSU34140,0.0,0,e,e
BSU30270,0.0,0,e,e
BSU30290,0.0,0,e,e
BSU34590,0.0,0,0.0,0
BSU34150,0.0,0,e,e
BSU34600,0.0,0,0.0,0
BSU08200,-3.200879088094931e-10,0,0.0,0
BSU23560,0.0,0,0.0,0
BSU40850,0.0,0,0.0,0
BSU31580,-5.471497952450299e-10,0,0.0,0
BSU35790,0.0,0,0.0,0
BSU12020,0.0,0,0.0,0
BSU24130,-2.685662945862165e-10,0,0.0,0
BSU24140,-1.3425173691117772e-10,0,0.0,0
BSU00180,-2.9604149342539937e-06,0,-9.3694368968425e-06,0
BSU29120,-0.0633908001153204,-,-0.06552984165651644,-
BSU13610,-2.1091047981985807e-10,0,0.0,0
BSU04000,-3.6437948837851656e-10,0,0.0,0
BSU29220,0.0,0,0.0,0
BSU25070,-1.0,e,e,e
BSU12010,-3.299360635006886e-10,0,0.0,0
BSU00900,-1.0,e,e,e
BSU32750,0.0,0,e,e
BSU32740,0.0,0,e,e
BSU29350,0.0,0,0.0,0
BSU29380,0.0,0,0.0,0
BSU00910,-1.0,e,e,e
BSU30550,-3.765876568221767e-10,0,0.0,0
BSU32730,0.0,0,e,e
BSU29370,0.0,0,0.0,0
BSU29360,0.0,0,0.0,0
BSU21680,-1.6251990422984236e-10,0,0.0,0
BSU00380,-3.0944284802392564e-10,0,e,e
BSU22480,-7.389121768427822e-11,0,0.0,0
BSU24740,0.0,0,0.0,0
BSU29340,0.0,0,0.0,0
BSU13300,0.0,0,0.0,0
BSU13180,-1.0,e,e,e
BSU39760,-3.4808749971636986e-10,0,0.0,0
BSU03981,-1.9094547638379924e-10,0,0.0,0
BSU12340,1.4695000142645785e-11,0,0.0,0
BSU30770,0.0,0,0.0,0
BSU21690,-5.613676399228435e-10,0,0.0,0
BSU30760,0.0,0,0.0,0
BSU14670,-1.7213089289118054e-10,0,0.0,0
BSU24120,-1.3138327495383037e-10,0,0.0,0
BSU08000,0.0,0,0.0,0
BSU30750,0.0,0,0.0,0
BSU30740,0.0,0,0.0,0
BSU04360,0.0,0,0.0,0
BSU33380,0.0,0,0.0,0
BSU33370,0.0,0,0.0,0
BSU33390,0.0,0,0.0,0
BSU22430,-3.6363387414377647e-10,0,0.0,0
BSU34570,-1.5417827145251266e-10,0,0.0,0
BSU24310,-0.9999999989935976,e,e,e
BSU11010,-1.0,e,e,e
BSU13550,-1.5259269419536107e-10,0,0.0,0
BSU13560,-1.577342325559347e-12,0,0.0,0
BSU12290,0.0,0,0.0,0
BSU32100,0.0,0,0.0,0
BSU32200,0.0,0,-2.81083106905275e-05,0
BSU11610,-1.0,e,0.0,0
BSU03130,-1.0,e,e,e
BSU02750,0.0,0,0.0,0
BSU02760,0.0,0,0.0,0
BSU09850,0.0,0,0.0,0
BSU31640,0.0,0,0.0,0
BSU09680,0.0,0,0.0,0
BSU11640,0.0,0,0.0,0
BSU31750,-1.4089367980786292e-10,0,0.0,0
BSU22730,-1.0,e,e,e
BSU36510,-1.0,e,e,e
BSU25640,-1.0,e,e,e
BSU31760,-1.4938765881964962e-10,0,0.0,0
BSU27860,-1.0,e,e,e
BSU38060,-3.200879088094931e-10,0,0.0,0
BSU37320,0.0,0,0.0,0
BSU03330,-5.61076240986357e-10,0,0.0,0
BSU30800,-1.0,e,e,e
BSU37280,0.0,0,e,e
BSU33420,0.0,0,0.0,0
BSU37270,0.0,0,e,e
BSU37260,0.0,0,e,e
BSU03310,0.0,0,0.0,0
BSU03320,0.0,0,0.0,0
BSU03290,-2.30122222298984e-10,0,0.0,0
BSU38990,-2.0425030243178998e-10,0,0.0,0
BSU38980,-2.0425030243178998e-10,0,0.0,0
BSU24040,-1.0,e,e,e
BSU24050,-1.0,e,e,e
BSU24060,-1.0,e,e,e
BSU15550,-1.0,e,e,e
BSU40340,-2.335508948883655e-10,0,0.0,0
BSU15560,-1.0,e,e,e
BSU33240,0.0,0,0.0,0
BSU18670,0.0,0,0.0,0
BSU18480,0.0,0,0.0,0
BSU12910,0.0,0,0.0,0
BSU23800,0.0,0,0.0,0
BSU11250,-1.0,e,e,e
BSU24030,-1.0,e,e,e
BSU22420,-6.375731086683094e-11,0,0.0,0
BSU03300,-2.30122222298984e-10,0,0.0,0
BSU37660,-0.0015819162229640494,0,-0.0014335238452169025,0
BSU24090,0.0,0,-9.3694368968425e-06,0
BSU14860,-0.08814383109052942,-,-0.09123957650145226,-
BSU14590,-0.03526427375371951,-,-2.81083106905275e-05,0
BSU39540,0.0,0,0.0,0
BSU01770,-1.0,e,e,e
BSU23070,-1.0,e,e,e
BSU23860,-3.697036069366788e-10,0,0.0,0
BSU15190,-1.0,e,e,e
BSU09240,-1.6419618337638885e-10,0,0.0,0
BSU33910,-0.11002793251170766,-,-0.11363253068490584,-
BSU14600,-0.03526427375371951,-,-1.8738873793685e-05,0
BSU16540,-1.0,e,e,e
BSU14580,-0.03526427375371951,-,-2.81083106905275e-05,0
BSU24960,0.0,0,0.0,0
BSU24990,0.0,0,0.0,0
BSU29190,-0.07828594499538499,-,e,e
BSU33930,-0.44636329971108435,-,-0.45666635435210345,-
BSU24980,0.0,0,0.0,0
BSU24970,0.0,0,0.0,0
BSU24950,0.0,0,0.0,0
BSU19800,-3.06280634292494e-12,0,0.0,0
BSU12840,-0.002838667198835172,0,-0.00168649864143165,0
BSU25420,-3.011994462163037e-10,0,0.0,0
BSU09310,-1.5640629101574124e-10,0,0.0,0
BSU03010,-3.74470573551684e-11,0,0.0,0
BSU23760,-1.9329043197563803e-10,0,0.0,0
BSU38240,-3.3972175035366276e-10,0,0.0,0
BSU40550,-1.0,e,e,e
BSU28130,-4.509448539926975e-10,0,0.0,0
BSU15700,-2.542199849755634e-10,0,0.0,0
BSU30560,-1.8282171636802504e-10,0,0.0,0
BSU23920,0.0,0,0.0,0
BSU18210,0.0,0,0.0,0
BSU23500,-9.729467091494492e-05,0,-0.000243605359317905,0
BSU22610,-1.0,e,e,e
BSU27900,-1.0,e,e,e
BSU10140,-4.2560843996276087e-10,0,0.0,0
BSU06530,-0.9999999905868471,e,e,e
BSU18830,0.0,0,0.0,0
BSU22650,-1.0,e,e,e
BSU06500,-1.0,e,e,e
BSU34860,-1.0,e,e,e
BSU06450,-0.9999999992910558,e,e,e
BSU06460,-0.9999999963147317,e,e,e
BSU06470,-0.9999999963147317,e,0.0,0
BSU32440,0.0,0,0.0,0
BSU32430,0.0,0,0.0,0
BSU34880,-1.0,e,e,e
BSU03200,0.0,0,0.0,0
BSU19580,0.0,0,0.0,0
BSU03220,0.0,0,0.0,0
BSU06660,0.0,0,0.0,0
BSU30530,0.0,0,0.0,0
BSU00510,-0.9999999983036906,e,e,e
BSU06480,-0.9999999963147317,e,0.0,0
BSU22600,-1.0,e,e,e
BSU02290,-1.0,e,e,e
BSU10020,-1.0,e,e,e
BSU04740,-1.0,e,e,e
BSU13730,-4.580400710525972e-10,0,0.0,0
BSU15020,-2.655268989773896e-10,0,0.0,0
BSU19630,0.0,0,0.0,0
BSU23490,0.0,0,0.0,0
BSU03070,0.0,0,0.0,0
BSU29180,-0.036747515354280044,-,-0.03903307411224585,-
BSU00110,-1.441038914262895e-10,0,0.0,0
BSU27850,-0.9999999761153312,e,e,e
BSU29300,0.0,0,0.0,0
BSU23250,-3.362171987517525e-10,0,e,e
BSU28780,-2.70052935022381e-10,0,0.0,0
BSU00120,-1.441038914262895e-10,0,0.0,0
BSU31180,-1.6744098170750294e-10,0,0.0,0
BSU39980,0.0,0,0.0,0
BSU31200,6.17353998771689e-11,0,0.0,0
BSU17370,-1.0,e,e,e
BSU28790,-2.2956730555154488e-10,0,0.0,0
BSU23270,-3.362171987517525e-10,0,e,e
BSU36920,-0.08802080373797043,-,-0.08170148974046659,-
BSU15590,-1.0,e,e,e
BSU06150,0.0,0,0.0,0
BSU17390,-1.0,e,e,e
BSU00930,-3.997064037743151e-10,0,0.0,0
BSU23770,-7.036172600383136e-11,0,0.0,0
BSU15850,-4.1793007210424855e-10,0,0.0,0
BSU17380,-1.0,e,e,e
BSU15860,-4.1793007210424855e-10,0,0.0,0
BSU15630,-1.538226400496065e-10,0,0.0,0
BSU15620,7.758129053077435e-12,0,0.0,0
BSU25660,-1.0,e,e,e
BSU03150,-0.999999999999961,e,e,e
BSU06160,-4.831917873311073e-10,0,0.0,0
BSU11870,-1.0,e,e,e
BSU19710,-3.0611687679568773e-10,0,0.0,0
BSU15790,-0.0011324699729760221,0,-0.0011524407383116276,0
BSU15580,0.0,0,0.0,0
BSU01580,0.0,0,0.0,0
BSU34660,0.0,0,0.0,0
BSU25020,-3.3790853605892484e-10,0,0.0,0
BSU26600,-1.8737316305907258e-10,0,0.0,0
BSU26590,-6.447857323243389e-11,0,0.0,0
BSU37500,-2.9387576862565844e-10,0,0.0,0
BSU03910,-4.35451653695001e-10,0,0.0,0
BSU30790,-1.0,e,e,e
BSU30780,-1.0,e,e,e
BSU28430,-0.11608118903522795,-,-0.1203035697554577,-
BSU28450,-0.11608118903522795,-,-0.1203035697554577,-
BSU28440,-0.11608118903522795,-,-0.1203035697554577,-
BSU16100,-0.05954568825281822,-,-0.061641525344326806,-
BSU16090,-0.05954568825281822,-,-0.061641525344326806,-
BSU38050,0.0,0,0.0,0
BSU01680,0.0,0,0.0,0
BSU33430,0.0,0,-9.3694368968425e-06,0
BSU33440,0.0,0,0.0,0
BSU12380,-4.053278033629583e-10,0,0.0,0
BSU37110,-0.00018294432063110328,0,-0.0002154970486273775,0
BSU35720,-1.0,e,e,e
BSU35700,-1.0,e,e,e
BSU35710,-1.0,e,e,e
BSU35750,-1.0,e,e,e
BSU35760,-1.0,e,e,e
BSU35530,-1.0,e,e,e
BSU35730,-1.0,e,e,e
BSU35690,-1.0,e,e,e
BSU35680,-1.0,e,e,e
BSU35570,-3.984745756499914e-10,0,0.0,0
BSU35590,-3.984745756499914e-10,0,0.0,0
BSU35550,-3.984745756499914e-10,0,0.0,0
BSU35609,-3.984745756499914e-10,0,0.0,0
BSU35600,-3.984745756499914e-10,0,0.0,0
BSU16990,0.0,0,0.0,0
BSU35540,-3.984745756499914e-10,0,0.0,0
BSU32250,-1.0,e,e,e
BSU17890,-1.0,e,e,e
BSU21770,0.0,0,-9.3694368968425e-06,0
BSU21820,0.0,0,0.0,0
BSU11650,-4.355529433535859e-10,0,0.0,0
BSU05900,-2.924824182002464e-10,0,0.0,0
BSU33920,-0.07463396479185573,-,-0.07706361847652957,-
BSU03270,0.0,0,0.0,0
BSU34790,0.0,0,0.0,0
BSU32110,0.0,0,0.0,0
BSU07810,-1.9094547638379924e-10,0,0.0,0
BSU07800,-1.6597892842423538e-10,0,0.0,0
BSU22630,-1.0,e,e,e
BSU17680,0.0,0,0.0,0
BSU10010,-4.833880139867631e-10,0,0.0,0
BSU15180,-1.0,e,e,e
BSU35660,-1.0,e,e,e
BSU30870,0.0,0,0.0,0
BSU38290,-3.9714534004911917e-10,0,0.0,0
BSU38860,-5.105657587207313e-11,0,0.0,0
BSU37100,0.0,0,0.0,0
BSU22640,-1.0,e,e,e
BSU15220,-1.0,e,e,e
BSU15200,-1.0,e,e,e
BSU29790,-1.0,e,e,e
BSU15230,-1.0,e,e,e
BSU35580,-2.1618565935598626e-10,0,0.0,0
BSU04570,-1.0,e,e,e
BSU13580,-1.358175503325079e-12,0,0.0,0
BSU03280,0.0,0,0.0,0
BSU36760,0.0,0,-9.3694368968425e-06,0
BSU28140,-2.2970447598349614e-10,0,0.0,0
BSU36890,-3.970988715065628e-10,0,0.0,0
BSU15480,0.0,0,-9.3694368968425e-06,0
BSU31150,-1.0,e,e,e
BSU36470,0.0,0,0.0,0
BSU21920,-1.0,e,e,e
BSU15610,0.0,0,0.0,0
BSU10120,-3.088659322449472e-10,0,0.0,0
BSU39360,5.9352681241885566e-12,0,0.0,0
BSU36640,-2.318295589018213e-10,0,0.0,0
BSU36650,-2.318295589018213e-10,0,0.0,0
BSU36660,-2.318295589018213e-10,0,0.0,0
BSU32450,0.0,0,0.0,0
BSU32460,0.0,0,0.0,0
BSU16510,0.0,0,0.0,0
BSU32500,0.0,0,0.0,0
BSU32480,0.0,0,0.0,0
BSU32470,0.0,0,0.0,0
BSU32510,0.0,0,0.0,0
BSU32490,0.0,0,0.0,0
BSU22060,-2.6957401492935053e-10,0,0.0,0
BSU22070,-2.9109600864574783e-10,0,0.0,0
BSU17600,-3.223239280205541e-10,0,0.0,0
BSU17610,-4.38828681499111e-10,0,0.0,0
BSU02860,0.0,0,0.0,0
BSU02850,0.0,0,0.0,0
BSU02870,0.0,0,0.0,0
