,molecular_weight,biomass_dilution_response,ATPM_response
BSU01230-MONOMER,16.20591018,11.880482362165095,3655.559097421534
CPLX8J2-27,68.63434801999999,50.02301019502282,15405.3391795254
BSU39860-MONOMER,49.55260246,35.69319069499411,10981.956791619632
CPLX8J2-22,145.01797406,121.14628599553319,37539.03518997507
BSU28500-MONOMER,11.253791760000002,8.154174394652431,2510.216240778326
CPLX8J2-24,944.1322556400002,663.9707976639346,204474.90246206804
BSU15920-MONOMER,8.57526742,5.811349514501404,1791.150151423472
BSU04740-MONOMER,22.14276656,22.131300139872955,6980.708613241341
CPLX8J2-28,86.26574188000002,61.95415903309978,19059.008393115986
BSU08860-MONOMER,41.79148145999999,43.372947011637805,13681.37611986577
CPLX8J2-21,75.39572354,74.71397968433146,23531.081208997468
CPLX8J2-29,74.90698477999999,76.30489801423062,24038.66273417392
BSU06520-MONOMER,55.73464764,80.29234824301433,25660.661208120477
BSU15580-MONOMER,36.8527082,41.7814246665868,13162.877662050072
BSU28500-MONOMER_mod_Oxidized,11.25177588,8.15271374588362,2508.065351548782
BSU28720-MONOMER,57.01639599999999,71.9322545790676,22857.02377920171
CPLX8J2-23,162.73453724,143.57614162008883,44838.3758321319
BSU06440-MONOMER,49.47716536,75.81164220763544,24300.550483592517
BSU25660-MONOMER,61.20964404000001,44.08986387457701,13574.107967557247
BSU00940-MONOMER,53.885729700000006,53.51331914324541,16847.064182886552
BSU12840-MONOMER,35.24356787999999,29.74248542576537,9229.411895540728
BSU15620-MONOMER,28.830738720000003,35.75863717798662,11334.6853410941
BSU22430-MONOMER,29.75000558,21.555999872277976,6635.659533121294
BSU25580-MONOMER,20.96279146,27.652981732876484,8830.139398507526
BSU27560-MONOMER,48.121974640000005,34.45759173861703,10601.86238682752
BSU00150-MONOMER,24.14052576,20.732609812793232,6449.256452857199
BSU16770-MONOMER,31.03515758,31.08522509693458,9763.401124842734
BSU15630-MONOMER,18.00766058,28.93549031064227,9267.742627457887
BSU16500-MONOMER,32.2121302,22.584867528911985,6948.423156095444
BSU25410-MONOMER,6.7128136000000005,4.706550139992877,1450.1920564830107
BSU00750-MONOMER,21.673573780000005,43.83277283625113,14182.61531686785
BSU37780-MONOMER,56.30927074,53.88010676634834,16927.460387690797
BSU24350-MONOMER,17.21726482,19.593301447249317,6223.351462645118
CPLX8J2-187,30.39555744,21.829421025057762,6717.9382615223185
BSU22750-MONOMER,26.57928544,19.598444514688197,6032.797438725585
BSU13590-MONOMER,44.032960040000006,39.693596654036035,12423.098309249905
BSU22960-MONOMER,47.33360568,34.09482711188962,10491.9767220619
CPLX8J2-186,32.03284552,23.005285323917242,7088.806761304538
CPLX8J2-184,29.48782888,43.36048109545671,13857.945968765616
BSU00680-MONOMER,80.92424616,59.49767037892021,18317.312156649103
CPLX8J2-188,30.191174619999998,21.68263777764157,6677.185915905666
BSU01300-MONOMER,14.75308852,10.658224167170498,3281.539384576791
BSU29670-MONOMER,47.728343720000005,34.175733530625244,10512.878170247472
BSU01500-MONOMER,14.18918372,9.948452110118273,3063.9679435342655
BSU10010-MONOMER,18.259352980000003,14.514310843473064,4474.053865461612
BSU01220-MONOMER,24.202413940000003,17.072176108382575,5261.652370591483
BSU31050-MONOMER,43.40310826,31.541142089305687,9715.174618236792
BSU34190-MONOMER,59.77008812,45.98257647561236,14160.52250604956
BSU22360-MONOMER,49.06601922,35.97008557064973,11057.250755077885
CPLX8J2-105,61.17689994,77.83304132171253,24674.60899765449
CPLX8J2-39,122.68487911999998,89.67829923047252,27650.370681230328
BSU24080-MONOMER,39.979363060000004,33.568682496236974,10333.276491683715
BSU03200-MONOMER,35.046779619999995,31.89173865341757,9985.510868582815
BSU06450-MONOMER,82.34348453999999,182.14984182473907,58830.05861647132
BSU19230-MONOMER,22.970923120000002,16.693024511291927,5138.669493168241
BSU37320-MONOMER,42.93855442,36.785416371255835,11408.214313520042
CPLX8J2-38,133.65113416,101.11211746252866,31102.395208346123
BSU18120-MONOMER,50.306546340000004,38.70204456882751,11913.24591629954
BSU36920-MONOMER,32.41254163999999,27.629643594845515,8622.048064795432
BSU28860-MONOMER,7.44590606,9.250992125032232,2942.773859731413
CPLX8J2-30,339.02600423999996,247.8159955262966,76453.40134255496
CPLX8J2-34,97.44283284000001,88.25534866729467,27635.308611988137
BSU24120-MONOMER,33.090578660000006,33.07344301996449,10321.881766321914
BSU15480-MONOMER,45.45881404,66.84507207447217,21291.156286926314
BSU28130-MONOMER,36.194950979999994,48.054962560701476,15335.44264031127
BSU02360-MONOMER,27.281735100000002,27.73272661882745,8743.063101027961
BSU26970-MONOMER,41.200745819999995,34.7698220070792,10839.466769598617
BSU22090-MONOMER,34.32216318,37.15699361631111,11709.368722000901
BSU28390-MONOMER,29.986987220000003,21.727709964494107,6696.901403888648
BSU12340-MONOMER,41.00800052,65.45647531791325,20912.46385611141
BSU00930-MONOMER,144.88512156,225.08861121553966,72254.82528551877
BSU32830-MONOMER,82.22941124,77.63063002036768,24149.116997792433
BSU01310-MONOMER,19.383951260000007,13.590655714969966,4187.28907326769
BSU03130-MONOMER,30.25356292,21.276131796335786,6552.14098245543
BSU12380-MONOMER,55.34217642,78.42961507837197,25014.258139406273
BSU22680-MONOMER,58.09763881999999,64.50574707920802,20373.439656663177
BSU31760-MONOMER,20.515908500000002,14.821516965056393,4559.546013980398
BSU02090-MONOMER,30.64351942,22.334022666192727,6871.054730914348
BSU29300-MONOMER,26.23715356,57.92668509403785,18771.81955770252
BSU31750-MONOMER,56.159858699999994,40.691821173243255,12538.473590119507
BSU01150-MONOMER,11.54034294,8.361801152330543,2571.239883973802
BSU00270-MONOMER,53.148069220000004,38.62282841584383,11906.316212433108
BSU16520-MONOMER,20.63333614,14.466636031460354,4450.983267881625
BSU01340-MONOMER,6.5115393599999996,4.593184256999148,1413.8705344508692
BSU00910-MONOMER,17.121478579999998,19.84917086976706,6301.483499492877
BSU39410-MONOMER,42.50118762,38.675073223087374,12027.650216891607
BSU22130-MONOMER,31.123651439999996,22.35232212674647,6886.883052933767
CPLX-8352,40.929304800000004,46.83934977276809,14843.510843196224
BSU00820-MONOMER,57.51223091999999,65.32653558512925,20734.556561016718
CPLX-8351,28.206862440000005,26.56924745693672,8344.430580883683
BSU29660-MONOMER,22.714820640000003,16.26487736391508,5012.01967909409
BSU13730-MONOMER,16.842619700000004,12.09599913809747,3718.630243477574
BSU30790-MONOMER,54.17747072,59.57590269537183,18824.66681369854
BSU14000-MONOMER,43.53142948000001,31.91270187189041,9815.654192636448
BSU03790-MONOMER,199.22224288,141.80335159903845,43690.77659175634
CPLX-8354,65.91182250000001,47.476885829481496,14598.513703162194
BSU23610-MONOMER,20.967702579999997,15.103227065177633,4650.078232716303
CPLX-8225,43.548370760000005,33.59562199170179,10383.885235541065
BSU03040-MONOMER,72.36591266,51.20051521592328,15774.821282615563
BSU38630-MONOMER,62.3417194,43.842460535044445,13476.801334629019
CPLX8J2-179,36.83052271999999,26.68633929877235,8205.129486874454
BSU38710-MONOMER,50.528704160000004,39.842087826666074,12274.26884771172
CPLX8J2-176,32.7987865,23.97475068843988,7386.346276864627
BSU32240-MONOMER,33.30888512000001,29.67143716118545,9242.247555265283
BSU14880-MONOMER,33.95249548,22.86446197749377,6930.20914413082
BSU11640-MONOMER,67.45691454,51.177453759403924,15774.550696320832
CPLX8J2-47,358.74262591999997,266.05071505001627,82069.36946501603
BSU05740-MONOMER,50.48811487999999,38.94932446336355,12080.185611038496
BSU25290-MONOMER,34.076027200000006,26.578608825748475,8232.703751962837
BSU31400-MONOMER,42.29985814,30.82955249124896,9477.89378502681
CPLX8J2-49,362.24708203999995,268.64968988384413,82996.16199836765
BSU29050-MONOMER,31.751504240000003,23.006228335035953,7087.115288082514
CPLX8J2-42,72.38644606,54.76307315096649,16880.706942589975
CPLX8J2-43,146.3331602,113.20134332293041,34895.28063168681
CPLX8J2-40,30.25356292,21.276131796335786,6552.14098245543
CPLX8J2-46,360.39017548,273.41676782495733,84537.11268258837
CPLX8J2-45,358.43300104,267.3487984586441,82694.01673470369
CPLX8J2-41,23.48235604,23.52023898793303,7367.752046018532
BSU36590-MONOMER,55.876164779999996,41.91519169368293,12910.686818320662
BSU27810-MONOMER,51.5160906,39.52279073446898,12157.2339758334
BSU18260-MONOMER,40.91529114,48.82878035505707,15462.837484637052
BSU15350-MONOMER,47.13166982,34.04981279910496,10488.353065405265
BSU18410-MONOMER,64.17913044,46.365583596701406,14267.700501985752
BSU09410-MONOMER,50.29176178,35.79690839300536,11025.835944858889
BSU33900-MONOMER,46.42443864,44.322768418345504,13838.933806238329
BSU02400-MONOMER,50.95571936,39.52724307807756,12163.469403556952
BSU29130-MONOMER,46.4030784,39.45680288838106,12277.519622207752
BSU30550-MONOMER,44.0291655,31.05779734139701,9572.43449172506
BSU35790-MONOMER,35.41449684,25.660327602527747,7906.745570865962
CPLX8J2-5,151.8257215,116.15609573602485,35852.01010367592
CPLX8J2-7,72.60260472,52.296317177611265,16123.922531065335
CPLX8J2-1,72.74729192000002,62.63259414426653,19574.005223790246
BSU06420-MONOMER,17.170591039999998,51.85101933663349,16817.061847279205
CPLX8J2-3,68.35991548000001,49.38595076189978,15183.601445799446
BSU26590-MONOMER,43.43651907999999,36.564051658748205,11310.217711645837
CPLX8J2-9,238.07926112,182.14540444266416,56301.37275034403
CPLX8J2-4,116.89535602,83.7025596727975,25748.957482538008
BSU09680-MONOMER,48.05588342,36.97055507140621,11384.883697522515
BSU07840-MONOMER,159.6523869,113.29789816930091,34909.80992581205
BSU27900-MONOMER,31.8929417,25.283647256020746,7821.783206265314
BSU06370-MONOMER,46.194857119999995,36.031049921037194,11100.022535804039
BSU32130-MONOMER,35.8454684,25.896207229184743,7979.336360201096
BSU31322-MONOMER,146.31672695999998,114.74770284135224,35470.94835929378
BSU38830-MONOMER,52.80836498,37.925806594232874,11692.033085789173
BSU01120-MONOMER,76.44319074,54.24818888315016,16724.049570503514
BSU15700-MONOMER,43.97319852,31.9554280382906,9837.555154640164
BSU00090-MONOMER,211.94456112,151.3105768955465,46648.30531798538
BSU26650-MONOMER,34.152238780000005,25.473547290604444,7844.955178314133
BSU13960-MONOMER,30.7050238,22.313413885702033,6865.432344140541
BSU33240-MONOMER,43.548370760000005,33.59562199170179,10383.885235541065
BSU21910-MONOMER,35.361893900000005,26.3004480731169,8085.230450713348
CPLX8J2-106,28.08482656,24.120094007780715,7525.88536565424
BSU38300-MONOMER,28.206862440000005,26.56924745693672,8344.430580883683
BSU32450-MONOMER,56.54681367999999,60.13272536230066,19000.963472219773
BSU25420-MONOMER,33.07050986,25.935278331264893,7982.550027095591
BSU30220-MONOMER,42.57692234,51.26546689220859,16242.770833456676
CPLX8J2-165,73.32582735999999,55.94254274738971,17205.61137015464
BSU29190-MONOMER,34.2497316,33.79405972453627,10653.751192895777
CPLX8J2-164,199.22224288,141.80335159903845,43690.77659175634
CPLX-7602,35.090413319999996,62.74117507261442,20226.09038282254
BSU36510-MONOMER,42.72850242,34.51112250735583,10665.849963584555
BSU30070-MONOMER,56.1327414,43.423525619169055,13370.262519374732
BSU33920-MONOMER,27.018234500000002,31.034727449761743,9776.376156514963
BSU31350-MONOMER,50.39211217999999,40.16394541085001,12467.02880693163
BSU15750-MONOMER,41.56907486,29.853995556170467,9194.532068725255
BSU34130-MONOMER,79.23826738,77.6774582432862,24409.77103321921
BSU23380-MONOMER,48.55212552,34.86906899897051,10739.428234397998
BSU30240-MONOMER,29.48782888,43.36048109545671,13857.945968765616
BSU22610-MONOMER,41.421538139999996,54.111416171449875,17206.36843548593
CPLX8J2-56,368.7896609,272.7158726736367,84282.96354445667
CPLX8J2-54,368.48645636,375.3631461038639,118340.64589395949
CPLX8J2-55,364.46775476000005,265.6362992885696,82049.68811777553
CPLX8J2-50,360.74205558,265.9959830883699,82223.24266778676
CPLX8J2-58,368.39101955999996,277.1315327970685,85663.91273708722
BSU37170-MONOMER,41.43669210000001,41.41523450485235,13045.993172275934
BSU15550-MONOMER,25.98975546,51.23256853926641,16396.529629657736
CPLX8J2-51,359.95745372,273.0884753435401,84525.52052669894
CPLX8J2-57,388.72809192,283.3180450630867,87356.24398954526
BSU01250-MONOMER,10.07668532,7.301276864866569,2245.7134779025087
BSU15790-MONOMER,23.327847660000003,17.051830004332803,5253.051830906871
CPLX8J2-53,368.22135542,273.8650442485613,84490.60897870558
BSU24140-MONOMER,42.101922439999996,36.06867459572291,11104.264507038926
BSU31930-MONOMER,39.67303548,28.49230176299655,8778.72767664231
CPLX8J2-52,381.94976986,288.1454183592324,89206.81012324593
BSU15430-MONOMER,104.8122374,75.72057336722952,23332.858960226084
BSU28510-MONOMER,56.452939300000004,41.144791778600556,12647.63325340756
BSU33430-MONOMER,64.79477634,47.08651820377073,14499.787981319883
BSU23080-MONOMER,28.1231948,20.377259489470273,6273.9794525927455
BSU03330-MONOMER,42.72057592,33.139098221638896,10215.617830202193
BSU08710-MONOMER,46.17205274,33.651737527471184,10359.993665522738
BSU22110-MONOMER,35.031269759999994,34.34123541523219,10740.026560345057
BSU03910-MONOMER,200.97675799999996,151.61818800314697,46659.76356854371
BSU28950-MONOMER,73.4909537,53.09281902104036,16356.558915615182
BSU14830-MONOMER,34.010012180000004,24.787635274356195,7634.145301802455
BSU10870-MONOMER,24.070454379999997,18.62057626914637,5728.3311279587615
BSU22100-MONOMER,20.86167122,25.963554435964443,8213.393231356176
BSU15930-MONOMER,28.42705284,39.80149729339942,12735.22748650434
BSU31620-MONOMER,12.284605260000001,31.78206389456984,10320.854575254212
BSU35580-MONOMER,49.81202505999999,56.79239499487879,17631.307591325552
BSU12010-MONOMER,69.02291064,55.16031539321438,17040.51745919795
BSU33510-MONOMER,7.33105666,15.295070096279744,4959.957033909124
BSU02270-MONOMER,19.61627186,20.56760761283638,6458.820560263948
BSU39710-MONOMER,46.87107166,73.71628644649576,23626.807675601318
BSU13010-MONOMER,38.394063,31.337550796339837,9750.712933322977
BSU34560-MONOMER,66.05836536,48.00477135245219,14759.364339816848
BSU28280-MONOMER,56.90094166000001,56.507692622055536,17755.833222347628
BSU34860-MONOMER,23.886508420000002,16.849339052359134,5186.468767480971
BSU13300-MONOMER,50.826752760000005,37.91077060570141,11661.45239914742
BSU32170-MONOMER,30.852534720000005,22.026112878310403,6780.9193817446485
BSU05340-MONOMER,94.65243511999999,74.43211530107648,22929.734210934053
BSU36120-MONOMER,21.022026120000003,16.351953355180616,5031.811606980138
BSU08820-MONOMER,54.650330219999994,39.24866552902468,12082.087971292958
BSU31150-MONOMER,30.34697952,23.540682993754547,7239.041334222542
BSU27910-MONOMER,16.6590173,15.691839316570572,4921.668710395454
BSU29990-MONOMER,45.420393080000004,35.03980355636588,10800.939300992237
BSU06500-MONOMER,37.02968688000001,63.84115934119027,20498.596182721783
BSU09440-MONOMER,40.94209748,29.578216942467478,9096.435869649455
BSU40060-MONOMER,57.156575360000005,56.396141842051655,17741.65832774093
CPLX8J2-60,372.65784022,472.5300499700152,150644.5275685955
BSU05980-MONOMER,6.066007299999999,4.395254724655996,1354.1323077298198
BSU36130-MONOMER,19.22909078,15.20319490282242,4684.534845513056
CPLX8J2-61,366.68208546000005,275.845943568678,85289.68517236371
CPLX8J2-64,134.7743857,102.82354941948302,31757.86843989621
CPLX8J2-65,124.57372261999998,92.65184529729551,28508.8971153613
CPLX8J2-66,140.31598828,104.36017295969035,32151.82529265454
CPLX8J2-67,141.83317409999998,130.57612393810007,40888.34490193342
CPLX8J2-68,104.79399928,78.3873052893704,24143.1753023554
BSU22420-MONOMER,31.941822779999995,22.871843829650814,7047.040508864486
CPLX8J2-86,163.28036292000002,135.3585714080729,42087.981111437046
BSU14610-MONOMER,49.71406402,50.11210104826182,15810.412475266523
CPLX8J2-80,53.81272336,45.06918717149042,14010.243157227931
BSU15650-MONOMER,97.29880394000001,71.74403595868887,22076.248957703127
BSU30230-MONOMER,50.09385758,60.31636051011249,19154.011460407
BSU03010-MONOMER,41.57691962,29.948233732123988,9225.276701224931
BSU37710-MONOMER,52.241563160000005,56.445110352573195,17845.707730688235
BSU21900-MONOMER,18.25270854,13.342083147962118,4112.1331502139565
BSU40420-MONOMER,47.66344112,33.92610986530535,10456.273241797417
BSU35020-MONOMER,26.98598222,27.02951739839609,8528.28149379224
BSU24070-MONOMER,39.75587194,33.12685785486355,10221.683284755965
BSU06170-MONOMER,34.24259138,24.59227621334369,7571.067087151028
BSU15490-MONOMER,34.215254879999996,55.853546305417915,17797.736875179977
BSU30320-MONOMER,91.50105396000001,66.68903088818784,20500.782940966703
BSU11420-MONOMER,37.196407640000004,26.87218003898843,8263.699213998341
BSU10360-MONOMER,52.87668286,38.650981456286566,11889.232559636492
BSU28120-MONOMER,46.43825644,54.034452073704614,17162.671026603835
BSU15990-MONOMER,10.01256008,8.279022529870122,2574.744903368699
BSU27650-MONOMER,81.66403294,60.91174925424811,18749.65096118748
BSU36890-MONOMER,23.033473240000003,16.83665273463247,5186.832371663875
BSU22140-MONOMER,27.18440144,19.407374469579526,5977.354163825466
BSU32110-MONOMER,36.83052271999999,26.68633929877235,8205.129486874454
BSU37330-MONOMER,62.70208438000001,44.89763441524386,13821.688801611148
BSU01380-MONOMER,27.406958200000005,19.799888263387967,6091.757748474085
BSU03070-MONOMER,55.70062248,43.0892442973388,13274.285544228072
BSU30530-MONOMER,50.34342128000001,47.52790336708709,14846.767556155439
CPLX8J2-147,41.534703500000006,30.360396453410594,9354.880681593366
CPLX8J2-146,50.12530616,38.455790468364235,11880.144196591908
BSU04560-MONOMER,39.110940199999995,28.255315317554953,8701.225000313645
CPLX8J2-142,37.51402008,32.458006575801086,10087.913611279728
BSU22480-MONOMER,15.1231513,32.13214064139346,10412.137878946485
BSU07570-MONOMER,51.44051778,40.34180760370896,12427.219189877445
CPLX8J2-143,57.01639599999999,71.9322545790676,22857.02377920171
BSU24850-MONOMER,33.599098860000005,24.130134034399155,7435.14927690188
BSU28370-MONOMER,26.674081580000003,18.872514276496776,5807.8394861771485
BSU27940-MONOMER,10.382775440000003,7.279667828203454,2242.2515831553983
BSU17600-MONOMER,50.268005620000004,43.38592707776609,13514.32512197204
SRP-CPLX,162.62054433400002,85.60015823272958,26387.676291283587
BSU39360-MONOMER,60.58740378,62.62190649958046,19711.72356564692
BSU23560-MONOMER,50.21241684,38.950650307774104,11990.030352152186
BSU14860-MONOMER,127.90776986,97.31221248073025,30112.21980831308
BSU10270-MONOMER,56.61154206,41.38103118469423,12725.328242459474
BSU01390-MONOMER,8.08227518,5.942304901062645,1831.07017478094
CPLX8J2-76,185.63837325999998,140.44242213573042,43362.88156080955
CPLX8J2-75,134.81198080000001,100.84115472488858,31026.678872962446
BSU33330-MONOMER,50.26980828,38.67378108944089,11910.40616847236
BSU26640-MONOMER,39.079861920000006,29.0656909394646,8945.991314254943
CPLX8J2-74,95.1204336,77.63808221364515,24100.588894860262
CPLX8J2-71,155.52274872,114.67591814841185,35289.10232578434
CPLX8J2-70,169.12513604,128.67037860304137,39755.37666400397
CPLX8J2-93,124.9129749,93.17036560392762,28673.58792502487
CPLX-7601,35.090413319999996,62.74117507261442,20226.09038282254
BSU32180-MONOMER,42.290724819999994,32.3550280703774,9957.067734338556
CPLX-7604,119.83716319999999,156.29502192316278,49779.93953747242
CPLX8J2-78,70.6689531,52.560112776880516,16169.610525479373
CPLX8J2-92,116.42816959999999,88.3304151491071,27182.00085581453
CPLX8J2-90,32.431597100000005,49.96994106046141,16025.81412647853
BSU15590-MONOMER,42.87428344,47.78600975095781,15128.09157095569
secYEG,62.19162828,66.0029693471999,20778.850228449
BSU08180-MONOMER,50.49588472,46.59572632917005,14588.928428101357
BSU40340-MONOMER,43.745424379999996,42.417613879747826,13332.249827181879
BSU15180-MONOMER,54.31186296,73.61291560613178,23533.3205251789
BSU24740-MONOMER,37.715240460000004,28.211501501157667,8687.82153720783
BSU09850-MONOMER,43.64082756,34.03895875952297,10486.357021056467
BSU27260-MONOMER,33.01124202,35.66744725818425,11283.784294816593
BSU28230-MONOMER,47.30618838,33.066939773360915,10175.1604853372
BSU13610-MONOMER,23.48235604,23.52023898793303,7367.752046018532
BSU06660-MONOMER,53.29413642,41.45476881580778,12770.503850072902
BSU07830-MONOMER,25.491559940000002,18.52477728851009,5701.019033769397
BSU19310-MONOMER,107.73515967999998,77.83220991311104,23963.441348304073
BSU30200-MONOMER,36.91869624,47.5209920266347,15125.51928366336
BSU36470-MONOMER,53.98380656,41.8761833014585,12876.905258392522
BSU39400-MONOMER,92.38323852000002,85.64157452661834,26870.34710982639
BSU40040-MONOMER,39.382100099999995,32.39577546246244,10092.735580871398
BSU32200-MONOMER,39.59762343999999,28.522528673511946,8786.284864094378
BSU27200-MONOMER,28.49392744,22.285407617061185,6854.561278660178
BSU28540-MONOMER,27.545163859999995,33.04882008785401,10434.351536835482
CPLX8J2-102,90.16468066,84.16136355388048,26292.417188254636
BSU34660-MONOMER,57.43879612,43.944242353406054,13537.540528240723
BSU40910-MONOMER,11.122405119999998,11.377377046070354,3587.238440119497
BSU32440-MONOMER,44.8640144,54.97537238651405,17443.329088884337
CPLX-8649,38.33606648,66.66531139359434,21493.070125941333
CPLX-8648,53.44247136,76.19296158516414,24396.612634321926
BSU32250-MONOMER,37.455385220000004,31.768707343326515,9890.25183448865
BSU39020-MONOMER,43.72084392,34.28771617804717,10556.022186921226
BSU39670-MONOMER,31.359251060000002,65.4260313859769,21199.869193421397
BSU11250-MONOMER,34.64998952,48.21903255677676,15362.446751011079
BSU41050-MONOMER,13.81805982,9.953274292469844,3061.562767175684
BSU32470-MONOMER,18.83753016,32.71777588453733,10545.293291734579
BSU04520-MONOMER,42.13114486,30.078091177942838,9271.747513022294
BSU27410-MONOMER,97.23739646,69.21209459075271,21307.4782361143
BSU40110-MONOMER,54.81358416,40.88447721573603,12597.187061637751
BSU08030-MONOMER,36.980673499999995,26.79513424288754,8242.309971294817
BSU25550-MONOMER,9.482961880000001,6.628573133818766,2040.6438063951066
BSU32840-MONOMER,87.08228364,70.70611721795021,21909.049747394947
BSU26690-MONOMER,47.02099510000001,45.1929365092278,14111.551274545629
BSU38770-MONOMER,48.33782422,37.1874589577041,11445.738076675747
BSU23800-MONOMER,30.39555744,21.829421025057762,6717.9382615223185
BSU32260-MONOMER,47.47674366,42.29211548361182,13227.073358011561
BSU30870-MONOMER,34.917837799999994,25.67252835029684,7903.403283684317
BSU18230-MONOMER,32.640917359999996,40.20614162699833,12705.443792385271
BSU37240-MONOMER,58.249968679999995,43.82002342226052,13484.873475905993
BSU32490-MONOMER,30.122534420000004,39.86440746868095,12724.41044459807
BSU03270-MONOMER,36.95978746,26.622471401398766,8195.009062925903
BSU39350-MONOMER,55.65993506,64.52734537171489,20502.63974921826
BSU15570-MONOMER,26.96821924,34.77041294926908,11039.52877990424
BSU01410-MONOMER,13.6707537,9.526698377122447,2934.6267952013845
BSU24130-MONOMER,52.870759879999994,46.871741162104016,14555.183109269414
CPLX8J2-195,55.61713692,40.29858055387923,12409.191063489086
BSU12360-MONOMER,45.3210839,69.8297985232194,22249.354372153415
CPLX8J2-194,41.200745819999995,34.7698220070792,10839.466769598617
BSU14190-MONOMER,41.534703500000006,30.360396453410594,9354.880681593366
BSU39980-MONOMER,37.5829998,32.677875103319714,10187.558820771677
BSU24340-MONOMER,49.43057574,39.292232438249236,12202.305830395158
BSU38040-MONOMER,54.79463208,46.825733770790634,14580.772749653324
BSU15500-MONOMER,46.51733186,67.70764429998583,21552.21695219073
BSU19580-MONOMER,53.776554239999996,41.83001683639905,12890.340456854348
BSU11190-MONOMER,37.94872582000001,50.46426961057247,16065.80632878739
BSU28800-MONOMER,56.10106812000001,76.03795870476638,24278.297822854747
BSU31180-MONOMER,48.62958361999999,54.71881420571131,17350.175351877406
BSU33040-MONOMER,50.521029339999984,36.067762505422806,11115.982939971163
BSU16670-MONOMER,35.66449316,26.145485025941177,8044.309842550636
BSU27010-MONOMER,37.795610339999996,29.801991791841914,9251.51693867838
BSU00380-MONOMER,76.16283920000001,55.51002656386107,17094.00648068189
BSU06160-MONOMER,51.76761894,44.90087486192559,13926.606706898381
BSU03930-MONOMER,28.08482656,24.120094007780715,7525.88536565424
BSU29440-MONOMER,51.90878028,37.7222341931423,11620.173178923125
BSU32460-MONOMER,12.63236268,33.83935429105622,11005.33457650426
BSU13580-MONOMER,88.06058880000002,63.61850906344484,19611.037750719363
BSU35780-MONOMER,95.59388792,68.44970904241502,21063.291574290513
BSU19800-MONOMER,41.92881267999999,29.576226398859127,9110.943534077636
BSU19690-MONOMER,54.06718928000001,39.17553299544992,12068.782946900787
BSU09130-MONOMER,48.98781090000001,37.269919321433115,11485.724666963586
BSU00810-MONOMER,37.06872204,53.00689165279052,16973.468489589843
BSU32430-MONOMER,47.11186974,56.324248456231494,17859.7709505538
BSU18670-MONOMER,43.54363404,31.643262508139262,9754.109105916794
BSU23840-MONOMER,34.016357019999994,24.57478364466994,7566.474637848553
BSU23760-MONOMER,36.633221819999996,41.61065273491157,13197.826433929611
BSU03950-MONOMER,59.81169036000001,44.86740413973359,13818.056400788222
BSU27270-MONOMER,25.25122538,30.888481201222998,9834.751180799858
BSU21920-MONOMER,43.56610674,32.12381038580973,9880.657453916601
BSU13560-MONOMER,45.06240199999999,33.89934030610571,10451.472171298796
BSU37110-MONOMER,275.59384847999996,212.60833861726815,65551.33228464391
BSU15190-MONOMER,35.5291203,64.88846195094484,20890.605473472617
BSU30780-MONOMER,41.62239426,51.97887533783644,16506.77892220567
BSU03990-MONOMER,41.108306400000004,37.49518991572439,11742.058108371002
BSU27550-MONOMER,65.94524674,47.50096161385868,14618.089281273502
BSU17000-MONOMER,43.27918504,31.358854864273106,9642.177087894965
BSU22650-MONOMER,24.044283340000003,45.552876032418624,14684.860665545408
BSU37190-MONOMER,45.84988492000001,34.39403407735284,10578.082333180095
BSU22660-MONOMER,27.73561764,45.80804400194501,14678.414907150567
BSU16680-MONOMER,10.45090588,7.349707916451272,2264.7250175952668
BSU08000-MONOMER,37.83218928,28.621476281409944,8815.17226970771
BSU03860-MONOMER,27.859126879999994,21.07647890306575,6512.028208476774
CPLX8J2-180,54.06718928000001,39.17553299544992,12068.782946900787
CPLX8J2-181,57.11771285999999,41.14240859134681,12662.328273367662
BSU00550-MONOMER,133.78194496000003,95.79414967726716,29506.282559330073
BSU16530-MONOMER,29.771732319999998,21.63518874557889,6664.01932868861
BSU00460-MONOMER,31.71823406,22.77933829092714,7007.478514569546
BSU23490-MONOMER,174.70329395999997,134.0311667167441,41311.19752411694
BSU02420-MONOMER,51.60159652000001,43.54722931764437,13524.712144233212
BSU39050-MONOMER,77.46292926000001,56.95281760900982,17582.68043669962
BSU25310-MONOMER,13.6389791,10.405599211127742,3207.721904172776
BSU33940-MONOMER,35.690888660000006,33.923013406238276,10604.941858829658
BSU22060-MONOMER,46.24264372,37.94072175342384,11748.330883402085
BSU07610-MONOMER,45.82897724,39.06630715731453,12107.634232334873
BSU39390-MONOMER,51.63380016,59.74975418932535,18852.972349114665
BSU00760-MONOMER,33.513032179999996,51.06483925406833,16394.472329186054
BSU15600-MONOMER,22.53800272,33.66942105128815,10772.049104623009
BSU31580-MONOMER,47.829759679999995,37.102381459489074,11410.986250968179
BSU06510-MONOMER,21.60154576,55.01168385723477,17787.711239503067
BSU40550-MONOMER,33.970274679999996,24.179523002687482,7434.761519009186
BSU14600-MONOMER,47.388894820000004,46.15247378385069,14477.423500613726
BSU26810-MONOMER,29.876119820000003,22.09305995436445,6808.459678259313
BSU15080-MONOMER,6.6088397400000005,4.760407433754698,1465.3115248228873
BSU11710-MONOMER,29.116641060000003,38.9675516915745,12441.68264494853
BSU28080-MONOMER,48.15421802,46.17948148870249,14514.494755302274
BSU32480-MONOMER,80.41894428,69.92310968010241,21848.592495921424
BSU15820-MONOMER,6.82514048,4.887120821161478,1503.3183715458158
BSU31970-MONOMER,35.090413319999996,62.74117507261442,20226.09038282254
BSU13600-MONOMER,26.98844936,25.939206003936512,8101.985096669419
BSU23580-MONOMER,36.43815320000001,32.38132505126937,10131.716854167278
BSU32820-MONOMER,65.31965092,55.541672663861426,17247.925255566457
BSU13620-MONOMER,20.805628760000005,21.59295153523107,6782.552085747021
BSU16600-MONOMER,41.704571279999996,45.50465497374091,14418.97349572641
BSU39920-MONOMER,85.76692822,73.84199554962208,23016.0856741464
BSU37080-MONOMER,48.627362520000005,35.13036132697352,10823.237341346115
BSU33500-MONOMER,85.90044132,62.79017867548116,19352.053900170584
BSU28870-MONOMER,19.61264324,15.548241303759688,4838.164386083935
BSU21810-MONOMER,19.17041664,14.012895249570263,4309.018171983046
BSU28790-MONOMER,60.9900188,74.47587133670203,23624.4235385901
BSU03220-MONOMER,51.14864902000001,48.72410766480046,15175.683305664765
BSU17680-MONOMER,32.7987865,23.97475068843988,7386.346276864627
BSU38020-MONOMER,29.00685862,20.893904351888477,6432.846808027161
BSU38240-MONOMER,54.246607620000006,41.733229143333354,12847.224007005469
BSU22710-MONOMER,42.80125712,30.282854673986844,9325.769296626064
BSU37120-MONOMER,30.38814384,22.925015567221923,7072.095782568052
BSU30960-MONOMER,39.228317960000005,53.83785617056672,17161.129908711322
BSU08790-MONOMER,65.91182250000001,47.476885829481496,14598.513703162194
BSU29750-MONOMER,158.12769616,113.22684984585577,34883.64327838793
BSU35300-MONOMER,95.50845036,72.662814974496,22480.992982554773
BSU16490-MONOMER,27.834718900000006,19.99028309257528,6160.266308258881
CPLX8J2-11,126.57674858000001,90.6348909993776,27898.549026390156
BSU12390-MONOMER,54.85964862,73.1862607398362,23239.07573638729
BSU29120-MONOMER,67.0057024,61.40198673553592,19199.91071288029
BSU07990-MONOMER,30.466653280000003,22.01033497775694,6773.297251310633
BSU39060-MONOMER,45.302264560000005,35.33484586081115,10872.593342898288
BSU00180-MONOMER,17.749391080000002,13.919815564351579,4317.059936212921
BSU15720-MONOMER,17.768140920000004,12.760688128220007,3928.834685855666
BSU38190-MONOMER,58.57368032,47.30901723071007,14700.299367978992
BSU24160-MONOMER,31.39017626,31.909083991339955,9957.966204406186
BSU06430-MONOMER,42.306157899999995,67.16794519172659,21521.040031291977
BSU01100-MONOMER,15.106443980000002,10.720343021356289,3302.8758838237
BSU03050-MONOMER,34.92333240000001,30.0676334011158,9252.643654275305
BSU22600-MONOMER,45.2364929,60.34835890524064,19242.253646611043
BSU29680-MONOMER,64.87710052,47.56112059583635,14655.053999338148
BSU15730-MONOMER,34.629536879999996,25.01776942312673,7702.874400746467
BSU28470-MONOMER,43.79025474,30.982592794187614,9538.639678834776
BSU13110-MONOMER,206.80678176000004,149.84625630462756,46107.45213414557
BSU34790-MONOMER,34.377497979999994,24.542639943632086,7551.633984997426
BSU16510-MONOMER,26.07969284,18.507549063602294,5697.889293034692
BSU16960-MONOMER,58.899472200000005,41.42166450198112,12770.975384266698
BSU24150-MONOMER,40.943506199999995,38.56643574932904,12004.9512943324
BSU15220-MONOMER,39.94489944,65.88772262495516,21191.42922172923
BSU18220-MONOMER,27.87409464,39.799514723401444,12675.010783410375
BSU33930-MONOMER,42.173648,41.52267730495994,13004.495616092176
BSU21690-MONOMER,20.17716316,14.57679371511385,4493.3767521348145
BSU00140-MONOMER,25.43645814,21.14089890006196,6579.227144707082
BSU40330-MONOMER,51.639844079999996,49.96236398199163,15616.558240630346
BSU11670-MONOMER,40.929304800000004,46.83934977276809,14843.510843196224
BSU32000-MONOMER,27.44888102,60.66044680964013,19654.800471342296
BSU10120-MONOMER,39.63918522,39.28075944067705,12343.895784375929
BSU00780-MONOMER,108.10652880000002,310.09815795896884,100971.40238469094
BSU28090-MONOMER,101.70279146000001,79.54284884916763,24603.235789420836
BSU18210-MONOMER,56.17341672,55.066931369474304,17223.592979407505
BSU15610-MONOMER,28.51241106,35.66762965425811,11306.870465231666
BSU29140-MONOMER,83.43398,65.43242008501615,20181.53539721155
BSU33960-MONOMER,50.41973854,39.004024275277864,12015.67340929851
BSU36900-MONOMER,45.47584296,32.56283729850578,10029.76729888515
BSU28680-MONOMER,50.92179292000001,36.462392995346114,11226.65860245328
BSU29600-MONOMER,46.62139934,36.363744185732656,11186.92645671732
BSU01200-MONOMER,10.460994779999998,7.668909835614744,2359.726244288157
BSU13170-MONOMER,17.15120434,12.4638210206067,3836.304788458824
BSU23860-MONOMER,103.25821296000001,85.60052135151244,26666.849899337652
BSU17460-MONOMER,50.12530616,38.455790468364235,11880.144196591908
BSU22410-MONOMER,13.898836240000003,9.833740088834611,3029.587429469987
BSU24090-MONOMER,31.748384580000003,27.60476150276332,8520.323909227554
BSU14400-MONOMER,67.16908824,56.54168575882064,17577.745873719203
BSU34880-MONOMER,26.521697259999996,18.764698933498405,5776.4137152414805
BSU28270-MONOMER,39.82664194,46.511082975442754,14730.781754851547
BSU39420-MONOMER,23.25423962,26.909410054056934,8528.672173253157
BSU13850-MONOMER,68.54869996,49.96058702204658,15390.825002499472
BSU10220-MONOMER,45.92430582,35.42854971688568,10901.724082910967
BSU01110-MONOMER,17.76350698,12.795215802455738,3940.131453864936
BSU37500-MONOMER,62.64889224,54.33879572415392,16924.10176767813
BSU01330-MONOMER,17.630452839999997,12.586659341731004,3876.6060251160093
BSU19350-MONOMER,34.26387080000001,26.725123016957372,8218.431237390438
BSU16690-MONOMER,77.30337193999999,54.85861960640509,16903.0991108711
BSU16570-MONOMER,63.27981401999999,45.04160573076578,13882.131631493046
BSU04340-MONOMER,63.12157314,45.736079574336166,14069.888924908477
BSU02140-MONOMER,49.812219039999995,42.99254120380899,13324.42557062011
BSU15140-MONOMER,35.30186,37.76621917497021,11942.70963406707
BSU38110-MONOMER,28.314511040000003,25.041443893379693,7829.47317654113
CPLX-9084,39.63918522,39.28075944067705,12343.895784375929
BSU19630-MONOMER,25.37047048,18.11238044587871,5569.982031834236
BSU22370-MONOMER,86.15079276,62.23879563731713,19155.444250225242
BSU06230-MONOMER,51.6405052,39.178038085601095,12060.58917794526
BSU35670-MONOMER,33.05953978,24.024446253058137,7398.334404923316
BSU36760-MONOMER,46.68814094,33.430899533542735,10297.630247401008
BSU35740-MONOMER,15.268323919999998,29.512150425242453,9528.491119793147
BSU04470-MONOMER,45.44479082,44.84017548155437,14050.615431879463
BSU09280-MONOMER,114.96220471999999,114.16768752771428,35805.873973740905
BSU18470-MONOMER,40.3475224,32.24410620013781,10021.311178621458
BSU04620-MONOMER,13.724664820000001,9.886001023671302,3040.178712775084
BSU18250-MONOMER,61.42090040000001,63.09071085634797,19851.24867030344
BSU02430-MONOMER,36.17715390000001,32.611965075550415,10201.555383589377
BSU37760-MONOMER,51.737050239999995,53.80513059053781,16925.711592377946
BSU35010-MONOMER,42.60679314,36.59199581351684,11418.618918836817
BSU40890-MONOMER,8.85336948,10.018560242771166,3177.7438136983333
BSU06150-MONOMER,38.24851756,33.827110951363544,10576.905779082026
BSU10130-MONOMER,35.32621449999999,36.06075529711698,11375.104673618791
BSU26860-MONOMER,46.7319973,36.35041816055105,11198.116867824141
BSU09540-MONOMER,21.933602920000006,17.855645029140433,5506.386100334926
BSU09840-MONOMER,57.513838240000005,41.91801043693246,12889.448096854461
BSU03060-MONOMER,57.61635672,45.79908784382941,14110.677970171231
BSU30820-MONOMER,64.07715338,65.40951474356282,20604.325334402587
BSU00130-MONOMER,48.82782992,34.963017238022246,10755.441336742984
BSU17660-MONOMER,16.406556899999998,11.852756188277645,3652.1695190456917
BSU29020-MONOMER,37.47364212,28.35022184884841,8749.402696753172
BSU19520-MONOMER,46.814853580000005,36.21533427884173,11160.036997537052
BSU12020-MONOMER,35.988242080000006,37.04332549212634,11676.959513170126
BSU16650-MONOMER,13.39029146,28.792766827971473,9334.939494811333
BSU31660-MONOMER,13.630065260000002,32.70683571554904,10601.466903364866
BSU09300-MONOMER,62.56979176000001,45.20293264472716,13927.055023664418
BSU29010-MONOMER,13.86449308,15.127813441731139,4784.703078359347
BSU39260-MONOMER,53.26915572,48.58719040713622,15226.013411294685
BSU32680-MONOMER,16.1622897,11.159637844155167,3435.2973950127453
BSU31600-MONOMER,89.54695362,70.41730271655358,21661.925919027617
BSU03900-MONOMER,47.23936968,40.36924903348379,12572.307248692836
BSU39450-MONOMER,38.41847546,33.158689193814624,10310.264084908667
BSU33420-MONOMER,75.23404528,57.07771990026304,17552.79715920704
BSU22490-MONOMER,117.89716607999999,163.56356144437342,52318.49173259025
BSU29790-MONOMER,48.3458773,35.23609362997811,10844.999397260102
BSU16020-MONOMER,20.19587808,14.719431949712547,4533.781023438094
BSU40850-MONOMER,40.415900400000005,29.025811014650717,8940.982547640268
BSU31060-MONOMER,53.644113239999996,38.52602261838418,11850.322523395502
BSU02460-MONOMER,34.035704599999995,57.663908807553945,18563.623386998886
BSU13550-MONOMER,38.84878062000001,32.95054996531883,10271.491089141055
BSU37100-MONOMER,45.993760800000004,33.1297246464408,10201.687485977423
BSU14870-MONOMER,34.09658214,26.812630124091257,8243.114435747313
BSU39780-MONOMER,35.159390800000004,28.697384675421397,8929.318863861969
BSU24310-MONOMER,30.678831319999997,23.6019680031603,7314.193302332306
BSU27320-MONOMER,17.13003062,11.937354624976663,3680.289561801703
BSU39760-MONOMER,53.44247136,76.19296158516414,24396.612634321926
BSU06310-MONOMER,51.0920932,39.633030651894096,12194.42620688858
BSU01010-MONOMER,20.123881840000003,14.666958680111826,4518.718460887704
BSU01580-MONOMER,51.1752277,38.9341057008728,11990.648506318586
BSU32510-MONOMER,36.74145376,44.08257294282248,14005.045080523076
BSU16630-MONOMER,78.51840793999999,67.0993111320983,20971.1178697642
BSU14180-MONOMER,24.95337644,17.761432467336764,5476.064479641604
BSU01780-MONOMER,130.35703244,93.89735727947584,28870.621445028813
BSU32100-MONOMER,44.93111927999999,32.65155133481728,10058.581815974949
BSU40320-MONOMER,32.13935064,35.06785987881948,11109.653185073243
BSU36000-MONOMER,28.787911960000002,28.036808139804215,8807.770764520948
BSU38550-MONOMER,40.14829784,29.261423326668805,9018.801929811529
BSU25500-MONOMER,42.87316454,72.17966062738563,23245.11275100253
BSU25160-MONOMER,34.94857598,25.248256093174344,7776.920958840163
BSU38860-MONOMER,36.99416878,26.489560623124337,8160.723559820037
BSU37070-MONOMER,7.44951356,5.334201242199305,1643.8795617618164
BSU23920-MONOMER,55.480202559999995,40.31759526543228,12417.42180502404
BSU06730-MONOMER,51.810789660000005,37.65102417633141,11576.930320234738
BSU40070-MONOMER,46.65662590000001,47.32847215546317,14800.947546682452
BSU30980-MONOMER,73.65225386000002,73.61411374395922,23044.24046065137
BSU02290-MONOMER,29.69040418,25.815377290908046,8055.6155750126
BSU30950-MONOMER,55.838610460000005,61.28356697023907,19295.10224409107
BSU15560-MONOMER,23.517612140000004,51.87233251843564,16652.415523317093
BSU13130-MONOMER,45.23599428,36.72918738850158,11415.507104917398
BSU17150-MONOMER,46.77069978,342.37560526326894,111432.1241331606
BSU25020-MONOMER,22.348377399999997,16.002486810456773,4931.436278640999
BSU31980-MONOMER,119.83716319999999,156.29502192316278,49779.93953747242
BSU36010-MONOMER,61.98798306,47.9530609649955,14864.959892323895
BSU20020-MONOMER,16.1493236,11.666920512517667,3590.8466455604193
BSU11880-MONOMER,42.48168896,35.126566751824654,10920.453718352746
BSU01400-MONOMER,4.31641302,3.2011383299577316,986.7823722008504
BSU22440-MONOMER,36.18204214,44.72221163492101,14239.821147723065
BSU37790-MONOMER,46.55079894,33.63016832650326,10338.427792932715
BSU34890-MONOMER,23.299486140000003,16.931792040037376,5206.117100361073
BSU12910-MONOMER,30.191174619999998,21.68263777764157,6677.185915905666
BSU33440-MONOMER,67.22019274,48.705821658469105,15018.984860373026
BSU22070-MONOMER,21.03488618,18.51366588721594,5694.950526041007
BSU01320-MONOMER,12.978702920000002,9.072089772792292,2790.1045814248487
BSU38560-MONOMER,48.7017474,43.902284013753714,13727.26900086113
BSU37010-MONOMER,40.217580739999995,27.769186443086085,8559.715445708298
BSU18480-MONOMER,32.03284552,23.005285323917242,7088.806761304538
BSU09240-MONOMER,24.66074542,17.815913763383506,5478.271178491126
CPLX8J2-131,52.909295619999995,37.9982927606484,11701.167616462484
BSU14530-MONOMER,61.50688415999999,45.483660111824676,14032.903888658167
BSU34920-MONOMER,23.608758019999996,16.95529090771263,5214.573129506806
BSU25790-MONOMER,38.321181040000006,35.851357883823,11173.573088560444
BSU09530-MONOMER,37.2987088,28.535826126160796,8794.028450558915
BSU12920-MONOMER,30.15120132,40.737660278360984,13007.85649751939
BSU01350-MONOMER,15.396571419999999,10.762175463636241,3317.763290039899
BSU12330-MONOMER,36.75691453999999,65.48585916842266,21035.597617574476
BSU32410-MONOMER,48.31339158,34.6976155324724,10687.051776836113
BSU31640-MONOMER,18.38172996,36.23517125797484,11682.90409962658
BSU05860-MONOMER,32.431597100000005,49.96994106046141,16025.81412647853
BSU31630-MONOMER,53.48456018,59.61181177205863,18790.797377210256
BSU33400-MONOMER,31.51932718,22.703658329989775,6998.925589049243
BSU21680-MONOMER,16.598309020000002,11.885168055575962,3653.911555888272
BSU26600-MONOMER,17.83725524,18.81635202974414,5942.43896282702
BSU31650-MONOMER,10.246333379999998,30.65757460439315,9973.084843434328
BSU11200-MONOMER,43.257444400000004,54.205129722927154,17197.647499349463
BSU39700-MONOMER,38.33606648,66.66531139359434,21493.070125941333
BSU37660-MONOMER,34.645952859999994,24.660460417813614,7595.511347911561
BSU23850-MONOMER,55.61713692,40.29858055387923,12409.191063489086
BSU35290-MONOMER,42.173779520000004,40.084787511948065,12620.778641702258
BSU11650-MONOMER,27.40518702,38.545963824667766,12330.097760352386
BSU06470-MONOMER,24.771790959999997,56.486333781305596,18241.535635905882
BSU01260-MONOMER,13.16319032,9.285202040106777,2858.239581628524
BSU34570-MONOMER,88.24906662,64.1308067808419,19717.8446225433
BSU20250-MONOMER,50.512134620000005,36.38435044573589,11188.448657611993
BSU34900-MONOMER,21.54141452,15.6541972088695,4813.936438534835
BSU00410-MONOMER,20.673561799999998,18.239706746521346,5709.4153721298335
BSU01420-MONOMER,13.94091096,9.774380809622992,3010.952731726474
BSU18540-MONOMER,45.38729494,35.691341336280296,10989.475245540183
BSU06490-MONOMER,51.682156219999996,72.2514666942318,23040.753794796412
BSU04360-MONOMER,45.693102980000006,35.25018705760608,10858.74550559386
BSU07920-MONOMER,37.51402008,32.458006575801086,10087.913611279728
BSU39540-MONOMER,37.114550560000005,27.76217746639371,8573.476188084418
BSU28140-MONOMER,29.10591464,43.72930470408033,14022.315567201327
CPLX8J2-124,39.76209555999999,40.419398616518805,12731.287612514556
CPLX8J2-125,37.114550560000005,27.76217746639371,8573.476188084418
CPLX8J2-126,275.59384847999996,212.60833861726815,65551.33228464391
BSU06240-MONOMER,37.324216979999996,27.04405598480413,8322.855376494088
BSU02480-MONOMER,49.2523191,68.85456322525174,21957.150660598756
BSU11870-MONOMER,41.689841920000006,34.82719673258748,10853.831654920145
CPLX8J2-12,110.22954212000002,79.6342520528388,24486.292018885437
CPLX-7445,44.032960040000006,39.693596654036035,12423.098309249905
CPLX8J2-13,76.73720934,63.61474732386411,19720.9315430984
CPLX8J2-18,54.741261079999994,39.197311408409924,12060.997617525307
CPLX8J2-15,116.23600332,85.21210915978453,26234.27679673568
BSU16750-MONOMER,37.8355739,38.78355418693918,12217.199210789444
BSU23280-MONOMER,39.30082366,40.285516166280516,12697.39664820602
BSU01130-MONOMER,43.56858543999999,31.01145409522591,9546.206434320602
BSU18800-MONOMER,33.45296772,24.239059920863355,7451.69567762375
BSU31610-MONOMER,15.29184916,33.79410628489146,10940.871931222888
BSU15110-MONOMER,33.28058644,31.06470864378908,9742.258496939305
BSU01770-MONOMER,48.4123067,43.53819605645146,13655.096601310217
BSU16760-MONOMER,42.94269336,42.096822414463595,13233.18912875466
BSU10790-MONOMER,70.56506350000001,51.27979961853493,15808.175601475119
BSU39380-MONOMER,35.04928343999999,47.28082624233882,15079.30321637369
BSU07810-MONOMER,65.15489156,56.512385396141845,17621.88782009194
BSU10520-MONOMER,44.9145929,48.720019535905,15330.355470451846
BSU29620-MONOMER,30.464021940000002,22.203198894552852,6837.533075815452
BSU10140-MONOMER,51.20533432,45.61353086780746,14256.436521386993
BSU01290-MONOMER,7.12858254,5.3018912238803395,1633.7151451359132
BSU34870-MONOMER,27.28781132,19.53935325678423,6014.40162031558
BSU40190-MONOMER,74.46992204,54.43487412854601,16786.465275587736
BSU03280-MONOMER,53.86527296,50.96758300274303,15969.805286068946
BSU38060-MONOMER,28.462308559999997,22.13936655283149,6816.943439614763
CPLX-5322,15.268323919999998,29.512150425242453,9528.491119793147
BSU02340-MONOMER,44.619411379999995,34.5169700400856,10627.464487653395
BSU29470-MONOMER,43.1247833,31.33888267834892,9636.146734074384
BSU22670-MONOMER,36.01136498,50.036783323697314,15975.077845716056
BSU36030-MONOMER,49.55701986,39.392742531023025,12112.119745687354
BSU23260-MONOMER,44.1067887,42.95600091326612,13517.960261782819
BSU23070-MONOMER,57.11771285999999,41.14240859134681,12662.328273367662
BSU24170-MONOMER,41.17579508,38.697489149798166,12053.444832111934
BSU22690-MONOMER,14.51480896,10.486081435057702,3231.5505286950215
BSU22830-MONOMER,37.43270974,26.963121625321467,8301.952849655092
BSU30800-MONOMER,29.89358352,44.530478221613365,14247.734772676708
BSU29060-MONOMER,22.008147080000004,15.618161777478804,4809.73792702958
BSU30830-MONOMER,52.785886500000004,63.107777352426424,20046.194180713534
BSU21770-MONOMER,46.640659760000005,34.88783385140385,10786.084854154451
BSU33490-MONOMER,75.40038358,54.79363823066737,16877.88108557152
BSU04570-MONOMER,49.708161759999996,35.69930880796231,11005.484882267578
CPLX8J2-113,107.11232055999999,84.0019660474405,25951.528609421533
CPLX8J2-119,125.0194037,95.11474393138633,29271.61311936928
BSU34550-MONOMER,25.09144854,18.07359882409396,5569.244568470558
CPLX000-2,181.08862506,137.77219928836314,42502.178491301405
CPLX000-1,120.68092071999999,97.72921611530315,30291.47086701192
CPLX000-3,181.08862506,137.77219928836314,42502.178491301405
CPLX000-6,136.57457383999997,117.00330000143549,36449.53674497152
CPLX000-7,115.57177354000001,112.55639678279329,35223.25060180725
CPLX000-4,201.95603582,158.38237819265973,49169.16477006673
CPLX000-5,164.25064178,130.21236257866244,40454.6236001852
CPLX000-10,120.36114721999998,87.97973355429197,27098.273109740418
CPLX000-9,239.54822966000003,174.5907680362905,53775.93899255964
CPLX000-8,79.16248458,58.371078680360114,17964.164010642035
CPLX000-12,144.38927410000002,137.54495322329797,43101.25812832153
CPLX000-13,143.7666446,119.79456033872329,37285.20908414926
CPLX000-11,119.74940928000001,97.48525822919999,30211.42791657382
CPLX000-14,139.04132336,99.5601113831582,30659.30193419903
CPLX000-15,138.03439903999998,98.83910632487024,30418.052463349683
CPLX000-17,140.86659303999997,101.46748946212358,31231.479227094558
CPLX000-16,105.4471455,76.40397407045049,23516.70679224626
CPLX000-18,107.42044223999999,80.58084240458483,24842.171035965832
CPLX000-19,142.35657892,106.48461446668048,32789.95274124069
CPLX000-20,164.54063327999998,138.50723636791628,43149.1882442758
CPLX000-23,147.61335859999997,108.52928967844149,33394.124369697354
CPLX000-24,201.59957246,167.9842512462748,52394.25763168187
CPLX000-21,139.26923832,116.93745184585838,36441.525166777414
CPLX000-22,140.23171998,115.05597951927014,35766.955867113546
CPLX000-28,182.62739472,148.2835938439933,46065.35637746049
CPLX000-26,182.62739472,148.2835938439933,46065.35637746049
CPLX000-25,180.12086119999998,135.11665403226795,41774.48564683972
CPLX000-27,180.12086119999998,135.11665403226795,41774.48564683972
CPLX000-30,182.62739472,148.2835938439933,46065.35637746049
CPLX000-32,182.62739472,148.2835938439933,46065.35637746049
CPLX000-34,182.62739472,148.2835938439933,46065.35637746049
CPLX000-29,180.12086119999998,135.11665403226795,41774.48564683972
CPLX000-31,146.39967593999998,114.81275490413266,35635.77615531404
CPLX000-33,180.12086119999998,135.11665403226795,41774.48564683972
CPLX000-35,182.62739472,148.2835938439933,46065.35637746049
CPLX000-36,180.12086119999998,135.11665403226795,41774.48564683972
CPLX000-38,182.62739472,148.2835938439933,46065.35637746049
CPLX000-37,180.12086119999998,135.11665403226795,41774.48564683972
CPLX000-39,182.62739472,148.2835938439933,46065.35637746049
CPLX000-40,180.12086119999998,135.11665403226795,41774.48564683972
CPLX000-42,182.62739472,148.2835938439933,46065.35637746049
CPLX000-43,182.62739472,148.2835938439933,46065.35637746049
CPLX000-41,180.12086119999998,135.11665403226795,41774.48564683972
CPLX000-45,180.12086119999998,135.11665403226795,41774.48564683972
CPLX000-46,182.62739472,148.2835938439933,46065.35637746049
CPLX000-47,180.12086119999998,135.11665403226795,41774.48564683972
CPLX000-44,180.12086119999998,135.11665403226795,41774.48564683972
CPLX000-50,182.62739472,148.2835938439933,46065.35637746049
CPLX000-48,182.62739472,148.2835938439933,46065.35637746049
CPLX000-51,182.62739472,148.2835938439933,46065.35637746049
CPLX000-49,146.39967593999998,114.81275490413266,35635.77615531404
CPLX000-52,180.12086119999998,135.11665403226795,41774.48564683972
CPLX000-53,156.3670745,121.62990826452521,37512.8034567683
CPLX000-54,130.16070338,114.00500356336917,35601.893239423196
CPLX000-56,122.2896265,101.1168537190842,31429.6267656406
CPLX000-57,87.28645233999998,63.80330361703745,19652.07679540948
CPLX000-55,141.12306072,115.78729823903454,35903.65205846682
CPLX000-59,168.41017852,122.02518002577904,37563.00226505118
CPLX000-58,168.41017852,122.02518002577904,37563.00226505118
CPLX000-60,168.41017852,122.02518002577904,37563.00226505118
CPLX000-61,136.57457383999997,117.00330000143549,36449.53674497152
CPLX000-62,121.49764432,105.64044561542747,32910.61463227703
CPLX000-64,292.98441966,230.3950244693092,71136.10976427817
CPLX000-63,119.70385636000002,96.6828748369432,29992.417974973352
CPLX000-66,371.2811181,278.5144488473683,85788.02353482772
CPLX000-68,233.20836116000004,184.38272554056158,56892.081370084285
CPLX000-67,160.34025266,119.59494178501329,36770.19911375148
CPLX000-65,449.35149416,351.4426444644266,108483.87217471241
CPLX000-70,92.41422994,68.53624347895732,21074.50878113743
CPLX000-69,122.10240789999997,108.76839348366288,33949.52967231295
BSU12290-MONOMER_mod_mg2_mod_fad_mod_cu,42.650542962,32.53941903903621,10061.136372126608
BSU18000-MONOMER_mod_4fe4s,198.69837687999998,142.70080535522902,43974.328168397325
BSU22870-MONOMER_mod_fmn,37.67245668099999,26.734396169753335,8229.490645204674
BSU15200-MONOMER_mod_mg2_mod_k,49.72571,71.42382313617559,22890.980166859506
BSU30970-MONOMER_mod_mg2,170.40466528000002,224.78862632280237,71532.70462846068
BSU00770-MONOMER_mod_mg2,62.03107436,98.08789446326321,31538.20446323009
BSU30210-MONOMER_mod_mg2,50.362342600000005,82.10499179240455,26314.13815512393
BSU31990-MONOMER_mod_mg2,43.4670373,71.6973665499602,23083.905018550584
BSU21870-MONOMER_mod_4fe4s,119.05389988000002,85.24817835603322,26217.483838354576
BSU11010-MONOMER_mod_zn2_mod_cbl1,67.90963336,48.62648382456417,14983.854615828577
BSU22620-MONOMER_mod_pydx5p,80.29186636099999,113.27439370171753,36216.84897458463
BSU06480-MONOMER_mod_mg2,80.19837655999999,88.87326275131564,28086.929896593094
BSU12080-MONOMER_mod_ca2,36.93889359999999,28.969026810310545,8925.994022600576
BSU09310-MONOMER_mod_mg2,64.68976488000001,46.18304707374916,14231.894517901032
BSU24270-MONOMER_mod_thmpp,139.516882362,101.68457383376666,31304.826201276872
BSU14390-MONOMER_mod_mg2,65.60599728,69.0673342803527,21841.836221359652
BSU17610-MONOMER_mod_mg2,110.87594796,84.82697858323216,26169.10302829262
BSU31200-MONOMER_mod_mg2,54.77454224,54.512718586335424,17136.41154281593
BSU30560-MONOMER_mod_mg2,58.299608060000004,42.24222212381905,13007.965721475317
BSU29450-MONOMER_mod_mg2,179.25089736000004,130.26205380036782,40089.74382978289
BSU34910-MONOMER_mod_mn2,92.585447378,65.90090824047651,20259.124529492103
BSU29220-MONOMER_mod_mn2,262.037433258,187.63109708166522,57843.805593939855
BSU11610-MONOMER_mod_mg2,180.09019935999999,131.63955413677985,40490.95232353123
BSU16920-MONOMER_mod_mg2,21.38572796,20.4175795248521,6377.571408722221
BSU23570-MONOMER_mod_cobalt2,209.97091512,167.8002534814728,52109.57005716896
BSU38290-MONOMER_mod_mg2,23.72526508,23.81410062451958,7506.183254075781
BSU00510-MONOMER_mod_mn2_mod_pi,34.938488699000004,28.442625424531872,8844.132916324825
BSU39370-MONOMER_mod_zn2,45.547310519999996,53.38603060597881,16923.543057028983
BSU12300-MONOMER_mod_zn2,54.59741726000001,77.83956860673814,24854.822997340747
BSU27600-MONOMER_mod_mn2,84.931969258,62.98724912811415,19455.39717920689
BSU05900-MONOMER_mod_mg2,35.91605928,26.0237453458793,8010.264064179102
BSU27850-MONOMER_mod_4fe4s,83.31586688,79.89920074503499,25117.14574113616
BSU14520-MONOMER_mod_mn2,125.83155573799999,90.63761520960921,27866.946584970694
BSU02130-MONOMER_mod_ca2,66.00771272000001,60.34679085088128,18893.113887119067
BSU25300-MONOMER_mod_zn2,29.699725,28.291902645349,8891.64798696574
BSU11220-MONOMER_mod_pydx5p,82.190910721,105.44414938962281,33483.417166749336
BSU01370-MONOMER_mod_mg2,24.154651620000003,17.038484975737443,5245.453881580715
BSU19710-MONOMER_mod_zn2,97.08120664,70.34225497218988,21635.34892704478
BSU00280-MONOMER_mod_mg2,23.906683340000004,17.16925432184455,5291.822668172279
BSU30690-MONOMER_mod_zn2,42.21828612,30.95004217834678,9524.554568024656
BSU18830-MONOMER_mod_mg2,194.38381148,139.60217935231182,43040.31194697191
BSU38200-MONOMER_mod_mg2,43.55301634,32.85668196290764,10100.987589037091
BSU00790-MONOMER_mod_mg2,19.0957489,41.79355773620124,13559.48145253532
BSU02390-MONOMER_mod_6:pydx5p,239.46464196600002,172.99888296100673,53265.26480077824
BSU15020-MONOMER_mod_mg2,109.11410584000001,78.59588384696296,24189.712573428813
BSU16550-MONOMER_mod_cobalt2,85.04502592,62.16490033019691,19140.00314474041
BSU32500-MONOMER_mod_mg2,22.14060934,34.72718552496763,11161.498970237793
BSU24280-MONOMER_mod_mn2,32.601574558,22.996872280779638,7082.8302132363715
BSU04640-MONOMER_mod_pydx5p,86.78348764100001,63.250710646517206,19491.16072340865
BSU27870-MONOMER_mod_fad,59.017144942,50.05684482721441,15619.552615664019
BSU27330-MONOMER_mod_mg2,24.52829122,17.72022352512801,5462.005377645321
BSU04000-MONOMER_mod_mg2_mod_k,38.80118908,28.11422756219576,8642.996007122296
BSU28560-MONOMER_mod_mg2,125.41599099999999,114.92739781810107,35912.849760959114
BSU06360-MONOMER_mod_mg2,115.68864916,83.82467357227874,25780.762543584086
BSU02490-MONOMER_mod_mg2,50.78551804,67.31819695132657,21497.905444883865
BSU25640-MONOMER_mod_mg2,22.198790380000002,16.604990462501597,5112.155486084378
BSU27860-MONOMER_mod_mg2,62.81163672,66.66097427796139,21060.47821982766
BSU30940-MONOMER_mod_pydx5p,183.732885881,167.1925706752011,52204.178579999665
BSU28150-MONOMER_mod_dpm,34.83291998000001,46.84049167533757,14971.060045769922
BSU00730-MONOMER_mod_2:pydx5p,65.856183762,46.875426388000385,14440.650945494905
BSU17890-MONOMER_mod_mg2_mod_mn2_mod_thmpp,145.21145142,103.35929464623118,31845.459220290366
BSU37060-MONOMER_mod_mg2,21.49575604,15.30035104294713,4712.503268642019
BSU22730-MONOMER_mod_mn2,67.93546969800002,49.94797449378831,15375.334478421257
BSU09290-MONOMER_mod_mn2,220.36749889799998,168.59480756101289,51974.00320952943
BSU15680-MONOMER_mod_mg2,46.466681640000004,33.17329950915468,10220.512678403118
BSU16990-MONOMER_mod_zn2,147.96964255999998,107.52989147530543,33150.663124630235
BSU30540-MONOMER_mod_mg2,145.08205096,119.34471586327855,37019.56704379867
BSU22890-MONOMER_mod_mg2,25.138743440000002,17.46479006330208,5381.604345366632
BSU14670-MONOMER_mod_mg2,29.796838479999998,21.526433842126224,6632.8712929233725
BSU28780-MONOMER_mod_zn2,102.68953632,219.9350561242278,71056.97433780815
BSU11210-MONOMER_mod_mg2,55.49654960000001,82.07816844760005,26123.317425817044
BSU21820-MONOMER_mod_mg2,61.117362359999994,44.935119604755855,13814.087291805778
BSU38490-MONOMER_mod_mg2,33.89358326000001,26.147384879737622,8042.568613661622
CPLX8J2-87_mod_2fe2s_mod_sheme_mod_fad,189.65904062199996,148.73855974388186,46184.66053617051
BSU23770-MONOMER_mod_pydx5p,49.964394981,46.85063841025096,14648.911281837385
BSU02230-MONOMER_mod_mg2,42.12196472,30.071537330691267,9267.048407488888
BSU27250-MONOMER_mod_pydx5p,163.74018828099997,161.21277912324175,50776.142133331814
BSU30300-MONOMER_mod_mn2,98.62390309800001,71.88040175899377,22101.124550226836
BSU29180-MONOMER_mod_mn2_mod_k,248.756799518,195.6156200331948,60811.08090335522
BSU00500-MONOMER_mod_mg2,148.38191248000004,116.05109227497562,35973.81300207929
BSU16540-MONOMER_mod_mg2_mod_k,30.300724040000006,23.956817227983198,7371.046764164639
BSU37150-MONOMER_mod_mg2,238.85371951999997,172.048508772429,53021.19844104139
BSU33910-MONOMER_mod_mn2,56.267489438,50.72243674870612,15801.179680918049
CPLX8J2-19_mod_pydx5p,146.267420241,146.19167705476187,45971.665932923606
BSU03150-MONOMER_mod_mg2,21.969648920000004,16.01221551031545,4928.653984979045
BSU23500-MONOMER_mod_mn2,44.107170858,32.804757575581206,10094.442129476325
BSU14630-MONOMER_mod_pydx5p,535.8505630410001,389.40387970063404,119885.80590951453
BSU00900-MONOMER_mod_mn2,51.784051978,49.77081765826572,15651.399674431128
BSU10020-MONOMER_mod_pydx5p,80.502395801,57.98660861553036,17829.39583236117
BSU27610-MONOMER_mod_mg2,37.78791972,47.27083665921997,15051.658100152688
BSU35660-MONOMER_mod_nad,43.283266122,30.992849406185325,9540.266713026875
CPLX8J2-6_mod_zn2,315.438938,261.4972385569688,80999.89223158469
BSU35920-MONOMER_mod_mg2_mod_k,62.3333385,83.68799074407285,26765.478781015034
BSU15230-MONOMER_mod_fad,33.587780542,61.34290411114547,19795.347560954
BSU22700-MONOMER_mod_nad_mod_cobalt2,41.47896756200001,30.05446896688261,9244.792653788703
BSU37490-MONOMER_mod_2:mn2,65.02049739600001,54.73304205814017,17029.597055925115
BSU13180-MONOMER_mod_zn2,86.64287002,62.59429202965132,19294.029265939203
BSU13120-MONOMER_mod_mg2,157.41325928000003,132.50754586216368,41287.88386941889
BSU25070-MONOMER_mod_mn2,40.692458298,30.958816282955013,9566.643430529151
BSU22780-MONOMER_mod_zn2,212.17158479999998,162.32442482740262,50211.54312318707
BSU06530-MONOMER_mod_mg2,45.306203079999996,68.5516985156665,21925.555056902595
BSU28290-MONOMER_mod_mg2,149.84119751999998,197.02376007481496,62674.27828881437
BSU32680-MONOMER_mod_1:4fe4s,16.5139297,11.40243605680685,3510.575117486132
BSU32680-MONOMER_mod_1:2fe2s,16.3381097,11.420309011597942,3511.2407759060466
CPLX_dummy,33.71141334,24.570006444936997,7571.323336583857
ribosome,460.51012292300004,-60.84614591395622,-18923.461217008044
RNA_degradosome,339.5618935,257.6150009462305,79499.71189088222
rRNA_containing_excision_machinery,110.6074988,103.47877900668485,32461.646745959264
monocistronic_excision_machinery,47.83441684,34.86332412690838,10725.593332987346
polycistronic_wout_rRNA_excision_machinery,47.83441684,34.86332412690838,10725.593332987346
